name,price,image
Huggies Ultra Dry Nappy Pants Boys Size 5 (12-17kg) 26 pack,$11.00,https://assets.woolworths.com.au/images/1005/568730.jpg?impolicy=wowsmkqiema&w=260&h=260
Huggies Gentle Cleanse Baby Wipes Fragrance Free 80 pack,$2.75,https://assets.woolworths.com.au/images/1005/20391.jpg?impolicy=wowsmkqiema&w=260&h=260
Bonds Baby Zippy Wondersuit Size 00 Assorted each,$13.00,https://assets.woolworths.com.au/images/1005/6067116.jpg?impolicy=wowsmkqiema&w=260&h=260
Karicare 3 Gentle Nutrition Toddler Milk Drink From 12+ Months 900g,$19.80,https://assets.woolworths.com.au/images/1005/743687.jpg?impolicy=wowsmkqiema&w=260&h=260
QV Baby Moisturising Cream 500g,$20.80,https://assets.woolworths.com.au/images/1005/353038.jpg?impolicy=wowsmkqiema&w=260&h=260
Rafferty's Garden Strawberry & Chia Yoghurt Brekkie Baby Food 8+ Months 120g,$1.90,https://assets.woolworths.com.au/images/1005/225747.jpg?impolicy=wowsmkqiema&w=260&h=260
Huggies Ultra Dry Nappy Pants Girls Size 5 (12-17kg) 26 pack,$11.00,https://assets.woolworths.com.au/images/1005/568731.jpg?impolicy=wowsmkqiema&w=260&h=260
Huggies PURE 99% Purified Water Baby Wipes 72 pack,$2.75,https://assets.woolworths.com.au/images/1005/216801.jpg?impolicy=wowsmkqiema&w=260&h=260
Alula Gold Toddler 1 Year + Milk Drink 900g,$23.30,https://assets.woolworths.com.au/images/1005/654791.jpg?impolicy=wowsmkqiema&w=260&h=260
QV Baby Gentle Wash 500g,$16.40,https://assets.woolworths.com.au/images/1005/349151.jpg?impolicy=wowsmkqiema&w=260&h=260
WaterWipes Baby & Newborn Sensitive Wipes 60 pack,$5.95,https://assets.woolworths.com.au/images/1005/746640.jpg?impolicy=wowsmkqiema&w=260&h=260
Rafferty's Garden Banana Pear & Mango Baby Food Puree Pouch 4+ Months 120g,$1.90,https://assets.woolworths.com.au/images/1005/291278.jpg?impolicy=wowsmkqiema&w=260&h=260
Huggies Skin Protect Nappies Size 2 (4-8kg) 96 pack,$28.00,https://assets.woolworths.com.au/images/1005/673364.jpg?impolicy=wowsmkqiema&w=260&h=260
Huggies Glentle Cleanse Baby Wipes Coconut Oil 80 pack,$2.75,https://assets.woolworths.com.au/images/1005/500427.jpg?impolicy=wowsmkqiema&w=260&h=260
Bubs Goat Stage 2 Formula 800g,$37.80,https://assets.woolworths.com.au/images/1005/23524.jpg?impolicy=wowsmkqiema&w=260&h=260
QV Baby Bath Oil 500mL,$14.80,https://assets.woolworths.com.au/images/1005/348048.jpg?impolicy=wowsmkqiema&w=260&h=260
Snacktacular Fruit Melts Banana & Strawberry 8g,$1.70,https://assets.woolworths.com.au/images/1005/304350.jpg?impolicy=wowsmkqiema&w=260&h=260
Gaia Natural Baby Hair & Body Wash 500mL,$11.90,https://assets.woolworths.com.au/images/1005/829345.jpg?impolicy=wowsmkqiema&w=260&h=260
Huggies Ultra Dry Nappy Pants Boys Size 6 (15-20kg) 24 pack,$11.00,https://assets.woolworths.com.au/images/1005/568656.jpg?impolicy=wowsmkqiema&w=260&h=260
Huggies Glentle Cleanse Baby Wipes Cucumber & Aloe 80 pack,$2.75,https://assets.woolworths.com.au/images/1005/368693.jpg?impolicy=wowsmkqiema&w=260&h=260
a2 Gentle Gold Premium Follow-on Formula Stage 2 800g,$29.50,https://assets.woolworths.com.au/images/1005/906438.jpg?impolicy=wowsmkqiema&w=260&h=260
a2 Gentle Gold Premium Infant Formula Stage 1 800g,$29.50,https://assets.woolworths.com.au/images/1005/907532.jpg?impolicy=wowsmkqiema&w=260&h=260
a2 Gentle Gold Premium Junior Milk Drink Stage 4 800g,$29.50,https://assets.woolworths.com.au/images/1005/907296.jpg?impolicy=wowsmkqiema&w=260&h=260
a2 Gentle Gold Premium Toddler Milk Drink Stage 3 800g,$29.50,https://assets.woolworths.com.au/images/1005/907523.jpg?impolicy=wowsmkqiema&w=260&h=260
a2 Platinum Follow On Formula Stage 2 900g,$43.00,https://assets.woolworths.com.au/images/1005/237072.jpg?impolicy=wowsmkqiema&w=260&h=260
a2 Platinum Infant Formula Stage 1 900g,$43.00,https://assets.woolworths.com.au/images/1005/236992.jpg?impolicy=wowsmkqiema&w=260&h=260
a2 Platinum Premium Toddler Milk Drink Stage 3 900g,$43.00,https://assets.woolworths.com.au/images/1005/237175.jpg?impolicy=wowsmkqiema&w=260&h=260
Alula Colic & Constipation 0-12M 850g,$28.80,https://assets.woolworths.com.au/images/1005/654787.jpg?impolicy=wowsmkqiema&w=260&h=260
Alula Gentle Stage 1 Newborn Infant Formula 0-6 Months 900g,$19.00,https://assets.woolworths.com.au/images/1005/654785.jpg?impolicy=wowsmkqiema&w=260&h=260
Alula Gentle Stage 3 Toddler Milk Drink from 1Year+ 900g,$22.00,https://assets.woolworths.com.au/images/1005/859308.jpg?impolicy=wowsmkqiema&w=260&h=260
Alula Gold Follow On Formula 6-12M 900g,$28.50,https://assets.woolworths.com.au/images/1005/654783.jpg?impolicy=wowsmkqiema&w=260&h=260
Alula Gold Junior 2 Years + Milk Drink 900g,$23.30,https://assets.woolworths.com.au/images/1005/654784.jpg?impolicy=wowsmkqiema&w=260&h=260
Alula Gold Lactose Intolerance 0-12 Mth Infant Formula 900g,$28.80,https://assets.woolworths.com.au/images/1005/654788.jpg?impolicy=wowsmkqiema&w=260&h=260
Alula Gold Newborn Infant Formula 0-6M 900g,$28.50,https://assets.woolworths.com.au/images/1005/654782.jpg?impolicy=wowsmkqiema&w=260&h=260
Alula Gold Reflux Infant Formula 0-12M 900g,$28.80,https://assets.woolworths.com.au/images/1005/655077.jpg?impolicy=wowsmkqiema&w=260&h=260
Aptamil Allerpro Syneo 1 Baby Formula Allergy From Birth To 6 Months 900g,$44.00,https://assets.woolworths.com.au/images/1005/122332.jpg?impolicy=wowsmkqiema&w=260&h=260
Aptamil Allerpro Syneo 2 Follow-On Formula Allergy 6-12 Months 900g,$44.00,https://assets.woolworths.com.au/images/1005/122313.jpg?impolicy=wowsmkqiema&w=260&h=260
Aptamil Gold Stage 2 Follow On Baby Formula 6-12M 900g,$30.00,https://assets.woolworths.com.au/images/1005/378532.jpg?impolicy=wowsmkqiema&w=260&h=260
Aptamil Gold+ 1 Baby Infant Formula From Birth To 6 Months 900g,$30.00,https://assets.woolworths.com.au/images/1005/378531.jpg?impolicy=wowsmkqiema&w=260&h=260
Aptamil Gold+ 3 Toddler Milk Formula From 1+ Year 900g,$29.15,https://assets.woolworths.com.au/images/1005/378533.jpg?impolicy=wowsmkqiema&w=260&h=260
Aptamil Gold+ 4 Junior Milk Formula From 2+ Years 900g,$29.15,https://assets.woolworths.com.au/images/1005/378535.jpg?impolicy=wowsmkqiema&w=260&h=260
Aptamil Gold+ Colic & Constipation Baby Formula From 0-12 Months 900g,$34.00,https://assets.woolworths.com.au/images/1005/807364.jpg?impolicy=wowsmkqiema&w=260&h=260
Aptamil Gold+ Lactose Intolerance Baby Formula From 0-12 Months 900g,$34.00,https://assets.woolworths.com.au/images/1005/757965.jpg?impolicy=wowsmkqiema&w=260&h=260
Aptamil Gold+ Reflux Baby Infant Formula From 0-12 Months 900g,$34.00,https://assets.woolworths.com.au/images/1005/91791.jpg?impolicy=wowsmkqiema&w=260&h=260
Aptamil PROfutura 3 Premium Toddler Nutrition Supplement + 1 Year 900g,$47.30,https://assets.woolworths.com.au/images/1005/151745.jpg?impolicy=wowsmkqiema&w=260&h=260
Aptamil Profutura Follow On Formula Stage 2 6-12 Months 800g,$40.00,https://assets.woolworths.com.au/images/1005/6067333.jpg?impolicy=wowsmkqiema&w=260&h=260
Aptamil Profutura Infant Formula Stage 1 0-6 Months 800g,$40.00,https://assets.woolworths.com.au/images/1005/6067097.jpg?impolicy=wowsmkqiema&w=260&h=260
Aptamil Prosyneo Sensitive Baby Infant Formula From 0-12 Months 900g,$34.00,https://assets.woolworths.com.au/images/1005/68714.jpg?impolicy=wowsmkqiema&w=260&h=260
Aptamil Sensitive Premium Toddler Formula From 12+ Months 900g,$34.10,https://assets.woolworths.com.au/images/1005/296167.jpg?impolicy=wowsmkqiema&w=260&h=260
Aveeno Baby Daily Moisture Light Scent Sensitive Wash & Shampoo 236mL,$10.00,https://assets.woolworths.com.au/images/1005/339038.jpg?impolicy=wowsmkqiema&w=260&h=260
Aveeno Baby Dermexa Eczema Fragrance Free Moisturising Cream 206g,$19.60,https://assets.woolworths.com.au/images/1005/429223.jpg?impolicy=wowsmkqiema&w=260&h=260
Avent Anti Colic Teats 6+M 2 pack,$11.95,https://assets.woolworths.com.au/images/1005/309434.jpg?impolicy=wowsmkqiema&w=260&h=260
Avent Anti-Colic Baby Feeding Bottles BPA Free 260mL x 2 pack,$19.20,https://assets.woolworths.com.au/images/1005/309431.jpg?impolicy=wowsmkqiema&w=260&h=260
Avent Night Time Soother 0-6M 2 pack,$11.95,https://assets.woolworths.com.au/images/1005/378419.jpg?impolicy=wowsmkqiema&w=260&h=260
Avent Night Time Soother 6-18M 2 pack,$12.00,https://assets.woolworths.com.au/images/1005/378420.jpg?impolicy=wowsmkqiema&w=260&h=260
B.Box 2-In-1 Suction Plate Assorted each,$10.40,https://assets.woolworths.com.au/images/1005/578365.jpg?impolicy=wowsmkqiema&w=260&h=260
B.Box Bath Time Brush & Sponge each,$10.40,https://assets.woolworths.com.au/images/1005/262850.jpg?impolicy=wowsmkqiema&w=260&h=260
B.Box Chill & Fill Teether Assorted each,$18.40,https://assets.woolworths.com.au/images/1005/264216.jpg?impolicy=wowsmkqiema&w=260&h=260
B.Box Disney Baby Sippy Cups Assorted each,$14.40,https://assets.woolworths.com.au/images/1005/159934.jpg?impolicy=wowsmkqiema&w=260&h=260
B.Box Drink Bottle Straw & Cleaner Pack each,$8.00,https://assets.woolworths.com.au/images/1005/24311.jpg?impolicy=wowsmkqiema&w=260&h=260
B.Box Gelato Sippy Cup Assorted each,$13.20,https://assets.woolworths.com.au/images/1005/578372.jpg?impolicy=wowsmkqiema&w=260&h=260
B.Box Insulated Drink Bottle Assorted 350mL each,$26.40,https://assets.woolworths.com.au/images/1005/169381.jpg?impolicy=wowsmkqiema&w=260&h=260
B.Box Junior Drink Bottle Assorted 380mL each,$13.60,https://assets.woolworths.com.au/images/1005/6011824.jpg?impolicy=wowsmkqiema&w=260&h=260
B.Box Silicone Bib Assorted each,$12.00,https://assets.woolworths.com.au/images/1005/385977.jpg?impolicy=wowsmkqiema&w=260&h=260
B.Box Silicone Fresh Food Feeder Assorted each,$11.20,https://assets.woolworths.com.au/images/1005/115796.jpg?impolicy=wowsmkqiema&w=260&h=260
B.Box Sippy Cup Assorted each,$13.20,https://assets.woolworths.com.au/images/1005/93219.jpg?impolicy=wowsmkqiema&w=260&h=260
B.Box Sippy Cup Glow In The Dark each,$12.80,https://assets.woolworths.com.au/images/1005/215877.jpg?impolicy=wowsmkqiema&w=260&h=260
B.Box Soother Clip Assorted 2 pack,$10.40,https://assets.woolworths.com.au/images/1005/6012157.jpg?impolicy=wowsmkqiema&w=260&h=260
B.Box Training Cup Assorted each,$8.80,https://assets.woolworths.com.au/images/1005/115761.jpg?impolicy=wowsmkqiema&w=260&h=260
B.Box Tritan Drink Bottle Assorted 450mL each,$18.00,https://assets.woolworths.com.au/images/1005/24305.jpg?impolicy=wowsmkqiema&w=260&h=260
Baby Mum-Mum First Rice Rusks Apple & Pumpkin 18 pack,$3.85,https://assets.woolworths.com.au/images/1005/499630.jpg?impolicy=wowsmkqiema&w=260&h=260
Baby Mum-Mum Organic Rice Rusk Sweet Potato & Carrot 36g x 18 pack,$3.85,https://assets.woolworths.com.au/images/1005/634313.jpg?impolicy=wowsmkqiema&w=260&h=260
Baby Mum-Mum Organiic Rice Rusks Blueberry & Carrot 18 pack,$3.85,https://assets.woolworths.com.au/images/1005/634312.jpg?impolicy=wowsmkqiema&w=260&h=260
Baby Mum-Mum Snack Banana Rice Rusk 18 pack,$3.85,https://assets.woolworths.com.au/images/1005/379237.jpg?impolicy=wowsmkqiema&w=260&h=260
Baby Mum-Mum Snack Vegetable Rice Rusk 36g,$3.85,https://assets.woolworths.com.au/images/1005/323375.jpg?impolicy=wowsmkqiema&w=260&h=260
Baby Mum-Mum Strawberry & Beetroot Rusks 18 pack,$3.85,https://assets.woolworths.com.au/images/1005/113624.jpg?impolicy=wowsmkqiema&w=260&h=260
BabyLove Nappy Pants Size 3 (7-11kg) 34 pack,$20.00,https://assets.woolworths.com.au/images/1005/906358.jpg?impolicy=wowsmkqiema&w=260&h=260
BabyLove Nappy Pants Size 4 (9-14kg) 28 pack,$20.00,https://assets.woolworths.com.au/images/1005/740127.jpg?impolicy=wowsmkqiema&w=260&h=260
BabyLove Nappy Pants Size 4 (9-14kg) 56 pack,$31.00,https://assets.woolworths.com.au/images/1005/711371.jpg?impolicy=wowsmkqiema&w=260&h=260
BabyLove Nappy Pants Size 5 (12-17kg) 25 pack,$20.00,https://assets.woolworths.com.au/images/1005/740039.jpg?impolicy=wowsmkqiema&w=260&h=260
BabyLove Nappy Pants Size 5 (12-17kg) 50 pack,$31.00,https://assets.woolworths.com.au/images/1005/380521.jpg?impolicy=wowsmkqiema&w=260&h=260
BabyLove Nappy Pants Size 6 (15-25kg) 22 pack,$20.00,https://assets.woolworths.com.au/images/1005/740040.jpg?impolicy=wowsmkqiema&w=260&h=260
BabyLove Nappy Pants Size 6 (15-25kg) 42 pack,$31.00,https://assets.woolworths.com.au/images/1005/711380.jpg?impolicy=wowsmkqiema&w=260&h=260
BabyLove SleepyNights Pants 2-4 Years (12-18kg) 12 pack,$12.50,https://assets.woolworths.com.au/images/1005/499177.jpg?impolicy=wowsmkqiema&w=260&h=260
BabyLove SleepyNights Pants 4-7 Years (18-35kg) 9 pack,$12.50,https://assets.woolworths.com.au/images/1005/715632.jpg?impolicy=wowsmkqiema&w=260&h=260
BabyLove SleepyNights Pants 8-15 Years (27-57kg) 8 pack,$12.50,https://assets.woolworths.com.au/images/1005/334825.jpg?impolicy=wowsmkqiema&w=260&h=260
Bellamy's Organic Apple Snacks 12+ Months 20g,$3.40,https://assets.woolworths.com.au/images/1005/331707.jpg?impolicy=wowsmkqiema&w=260&h=260
Bellamy's Organic Baby Porridge 5+ Months 125g,$3.95,https://assets.woolworths.com.au/images/1005/260241.jpg?impolicy=wowsmkqiema&w=260&h=260
Bellamy's Organic Baby Rice With Prebiotic 4+ Months 125g,$3.95,https://assets.woolworths.com.au/images/1005/791640.jpg?impolicy=wowsmkqiema&w=260&h=260
Bellamy's Organic Follow On Formula Stage 2 (6-12m) 800g,$33.00,https://assets.woolworths.com.au/images/1005/6021416.jpg?impolicy=wowsmkqiema&w=260&h=260
Bellamy's Organic Infant Formula Stage 1 (0-6m) 800g,$33.00,https://assets.woolworths.com.au/images/1005/6021415.jpg?impolicy=wowsmkqiema&w=260&h=260
Bellamy's Organic Milk & Vanilla Baby Rice 6+ Months 125g,$3.95,https://assets.woolworths.com.au/images/1005/839018.jpg?impolicy=wowsmkqiema&w=260&h=260
Bellamy's Organic Step 3 Toddler Milk Drink 12+ Months 800g,$36.30,https://assets.woolworths.com.au/images/1005/6021417.jpg?impolicy=wowsmkqiema&w=260&h=260
Bepanthen Antiseptic Soothing Cream 100g,$17.50,https://assets.woolworths.com.au/images/1005/135704.jpg?impolicy=wowsmkqiema&w=260&h=260
Bepanthen Nappy Rash Ointment 100g,$15.50,https://assets.woolworths.com.au/images/1005/203229.jpg?impolicy=wowsmkqiema&w=260&h=260
Bepanthen Nappy Rash Ointment 30g,$7.65,https://assets.woolworths.com.au/images/1005/204930.jpg?impolicy=wowsmkqiema&w=260&h=260
Bibs Colour Pacifier Glow In The Dark Size 2 Assorted 2 pack,$20.00,https://assets.woolworths.com.au/images/1005/260237.jpg?impolicy=wowsmkqiema&w=260&h=260
Bibs Glow In The Dark Pacifier Size 3 2 pack,$20.00,https://assets.woolworths.com.au/images/1005/597375.jpg?impolicy=wowsmkqiema&w=260&h=260
Bibs Pacifer Night Glow Latex Size 1 Dummy Assorted 2 pack,$20.00,https://assets.woolworths.com.au/images/1005/262798.jpg?impolicy=wowsmkqiema&w=260&h=260
Blackmores Conceive Well Gold Preconception Vitamin 56 pack,$22.50,https://assets.woolworths.com.au/images/1005/294622.jpg?impolicy=wowsmkqiema&w=260&h=260
Blackmores Pregnancy & Breastfeeding Gold Vitamin Capsules 120 pack,$25.00,https://assets.woolworths.com.au/images/1005/258736.jpg?impolicy=wowsmkqiema&w=260&h=260
Bluey Melamine Bamboo Bowl Each,$5.50,https://assets.woolworths.com.au/images/1005/212002.jpg?impolicy=wowsmkqiema&w=260&h=260
Bluey Plush Toy Assorted each,$16.00,https://assets.woolworths.com.au/images/1005/62685.jpg?impolicy=wowsmkqiema&w=260&h=260
Bluey Tumbler 443mL,$12.00,https://assets.woolworths.com.au/images/1005/210488.jpg?impolicy=wowsmkqiema&w=260&h=260
Bonds 100 Crew Socks Size 6-12M & 1-2Y Assorted each,$4.50,https://assets.woolworths.com.au/images/1005/603301.jpg?impolicy=wowsmkqiema&w=260&h=260
Bonds Baby Bucket Hat One Size Assorted each,$7.00,https://assets.woolworths.com.au/images/1005/693928.jpg?impolicy=wowsmkqiema&w=260&h=260
Bonds Baby License Zippy Wondersuit Size 0-1 Assorted each,$16.50,https://assets.woolworths.com.au/images/1005/6058771.jpg?impolicy=wowsmkqiema&w=260&h=260
Bonds Baby License Zippy Wondersuit Size 000-00 Assorted each,$16.50,https://assets.woolworths.com.au/images/1005/6058417.jpg?impolicy=wowsmkqiema&w=260&h=260
Bonds Baby License Zippy Wondersuit Size 2-3 Assorted each,$16.50,https://assets.woolworths.com.au/images/1005/6058742.jpg?impolicy=wowsmkqiema&w=260&h=260
Bonds Baby Logo Light Low Cut Size 6-12M & 1-2Y 3 pack,$5.50,https://assets.woolworths.com.au/images/1005/565223.jpg?impolicy=wowsmkqiema&w=260&h=260
Bonds Baby Long Sleeve Bodysuit Size 0000-1 2 pack,$9.50,https://assets.woolworths.com.au/images/1005/6067049.jpg?impolicy=wowsmkqiema&w=260&h=260
Bonds Baby Singletsuit Size 0000-1 Assorted 2 pack,$7.50,https://assets.woolworths.com.au/images/1005/6067872.jpg?impolicy=wowsmkqiema&w=260&h=260
Bonds Baby Socks Sport Active Size 6-12M & 1-2Y Assorted 3 pack,$5.50,https://assets.woolworths.com.au/images/1005/352943.jpg?impolicy=wowsmkqiema&w=260&h=260
Bonds Baby Sportlet Socks Size 6-12M & 1-2Y Assorted 3 pack,$5.50,https://assets.woolworths.com.au/images/1005/859028.jpg?impolicy=wowsmkqiema&w=260&h=260
Bonds Baby Stretchies Leggings Size 000-2 Assorted each,$7.00,https://assets.woolworths.com.au/images/1005/6066347.jpg?impolicy=wowsmkqiema&w=260&h=260
Bonds Baby Vest Size 0000-2 3 pack,$8.00,https://assets.woolworths.com.au/images/1005/6067048.jpg?impolicy=wowsmkqiema&w=260&h=260
Bonds Baby Wondersocks Size 0-6M Assorted 3 pack,$4.50,https://assets.woolworths.com.au/images/1005/250469.jpg?impolicy=wowsmkqiema&w=260&h=260
Bonds Baby Zippy Romper Size 000-2 each,$12.00,https://assets.woolworths.com.au/images/1005/6067338.jpg?impolicy=wowsmkqiema&w=260&h=260
Bonds Baby Zippy Wondersuit Poodlette Size 000-1 each,$13.00,https://assets.woolworths.com.au/images/1005/6067975.jpg?impolicy=wowsmkqiema&w=260&h=260
Bonds Baby Zippy Wondersuit Size 0 Assorted each,$13.00,https://assets.woolworths.com.au/images/1005/6067686.jpg?impolicy=wowsmkqiema&w=260&h=260
Bonds Baby Zippy Wondersuit Size 00 Assorted each,$13.00,https://assets.woolworths.com.au/images/1005/6067116.jpg?impolicy=wowsmkqiema&w=260&h=260
Bonds Baby Zippy Wondersuit Size 000 Assorted each,$13.00,https://assets.woolworths.com.au/images/1005/6067337.jpg?impolicy=wowsmkqiema&w=260&h=260
Bonds Baby Zippy Wondersuit Size 0000 Assorted each,$13.00,https://assets.woolworths.com.au/images/1005/6067106.jpg?impolicy=wowsmkqiema&w=260&h=260
Bonds Baby Zippy Wondersuit Size 1 Assorted each,$13.00,https://assets.woolworths.com.au/images/1005/6067714.jpg?impolicy=wowsmkqiema&w=260&h=260
Bonds Baby Zippy Wondersuit Size 2 Assorted each,$13.00,https://assets.woolworths.com.au/images/1005/6067759.jpg?impolicy=wowsmkqiema&w=260&h=260
Bonds Baby Zippy Wondersuit Size 3 Assorted each,$13.00,https://assets.woolworths.com.au/images/1005/6067873.jpg?impolicy=wowsmkqiema&w=260&h=260
Bonds Logo 1/4 Crew Size 6-12M & 1-2Y 3 pack,$6.00,https://assets.woolworths.com.au/images/1005/565216.jpg?impolicy=wowsmkqiema&w=260&h=260
Bonds Stretchies Bib One Size Assorted each,$7.50,https://assets.woolworths.com.au/images/1005/603306.jpg?impolicy=wowsmkqiema&w=260&h=260
Brauer Teething Gel 20g,$16.00,https://assets.woolworths.com.au/images/1005/390806.jpg?impolicy=wowsmkqiema&w=260&h=260
Bubs Goat Formula Stage 3 800g,$41.50,https://assets.woolworths.com.au/images/1005/23525.jpg?impolicy=wowsmkqiema&w=260&h=260
Bubs Goat Infant Formula Stage 1 800g,$37.80,https://assets.woolworths.com.au/images/1005/23523.jpg?impolicy=wowsmkqiema&w=260&h=260
Bubs Goat Stage 2 Formula 800g,$37.80,https://assets.woolworths.com.au/images/1005/23524.jpg?impolicy=wowsmkqiema&w=260&h=260
Bubs Organic Grass Fed Follow On Formula Stage 2 800g,$35.00,https://assets.woolworths.com.au/images/1005/88164.jpg?impolicy=wowsmkqiema&w=260&h=260
Bubs Organic Grass Fed Infant Formula Stage 1 800g,$35.00,https://assets.woolworths.com.au/images/1005/87877.jpg?impolicy=wowsmkqiema&w=260&h=260
Bubs Organic Grass Fed Toddler Formula Stage 3 800g,$37.40,https://assets.woolworths.com.au/images/1005/88504.jpg?impolicy=wowsmkqiema&w=260&h=260
Bunjie Baby Bubble Bath Sensitive Probiotic Skincare 500mL,$16.00,https://assets.woolworths.com.au/images/1005/217781.jpg?impolicy=wowsmkqiema&w=260&h=260
Bunjie Baby Nappy Barrier Cream Sensitive & Fragrance Free 250g,$25.00,https://assets.woolworths.com.au/images/1005/6024268.jpg?impolicy=wowsmkqiema&w=260&h=260
Bunjie Baby Top To Toe Wash Sensitive Probiotic Skincare 500mL,$20.00,https://assets.woolworths.com.au/images/1005/217180.jpg?impolicy=wowsmkqiema&w=260&h=260
Bunjie Probiotic Baby Wipes Fragrance & Toxin-Free 240 pack,$19.00,https://assets.woolworths.com.au/images/1005/219245.jpg?impolicy=wowsmkqiema&w=260&h=260
Bunjie Probiotic Baby Wipes Fragrance & Toxin-Free 480 pack,$37.00,https://assets.woolworths.com.au/images/1005/6024146.jpg?impolicy=wowsmkqiema&w=260&h=260
Bunjie Probiotic Baby Wipes Fragrance & Toxin-Free 80 pack,$7.00,https://assets.woolworths.com.au/images/1005/219232.jpg?impolicy=wowsmkqiema&w=260&h=260
Cetaphil Baby Calendula Wash & Shampoo 400mL,$19.50,https://assets.woolworths.com.au/images/1005/302577.jpg?impolicy=wowsmkqiema&w=260&h=260
Cetaphil Baby Daily Lotion With Shea Butter Face & Body 400mL,$15.80,https://assets.woolworths.com.au/images/1005/860866.jpg?impolicy=wowsmkqiema&w=260&h=260
Cetaphil Baby Gentle Wash & Shampoo 400mL,$15.80,https://assets.woolworths.com.au/images/1005/26457.jpg?impolicy=wowsmkqiema&w=260&h=260
Cetaphil Baby Moisturising Bath & Wash Delicate Skin 400mL,$15.75,https://assets.woolworths.com.au/images/1005/309608.jpg?impolicy=wowsmkqiema&w=260&h=260
Cherub Baby Food Pouch Minis Assorted 10 pack,$16.00,https://assets.woolworths.com.au/images/1005/265609.jpg?impolicy=wowsmkqiema&w=260&h=260
Clearblue Digital Pregnancy Test Ultra Early 2 pack,$34.00,https://assets.woolworths.com.au/images/1005/6009022.jpg?impolicy=wowsmkqiema&w=260&h=260
Clearblue Digital Pregnancy Test Weeks Indicator each,$20.00,https://assets.woolworths.com.au/images/1005/755312.jpg?impolicy=wowsmkqiema&w=260&h=260
Clearblue Pregnancy Test Combo 3 pack,$30.00,https://assets.woolworths.com.au/images/1005/310931.jpg?impolicy=wowsmkqiema&w=260&h=260
Clearblue Pregnancy Test Rapid Detection 3 pack,$18.00,https://assets.woolworths.com.au/images/1005/444306.jpg?impolicy=wowsmkqiema&w=260&h=260
Clearblue Pregnancy Test Ultra Early 3 pack,$18.00,https://assets.woolworths.com.au/images/1005/803377.jpg?impolicy=wowsmkqiema&w=260&h=260
Clearblue Rapid Detection Pregnancy Test each,$9.50,https://assets.woolworths.com.au/images/1005/940556.jpg?impolicy=wowsmkqiema&w=260&h=260
Clearblue Trying To Get Pregnant Kit 10 Ovulation & 1 Pregnancy Test each,$40.00,https://assets.woolworths.com.au/images/1005/482440.jpg?impolicy=wowsmkqiema&w=260&h=260
Clearblue Visual Early Detect Pregnancy Tests 7 pack,$32.00,https://assets.woolworths.com.au/images/1005/275790.jpg?impolicy=wowsmkqiema&w=260&h=260
Cocomelon Flip Top Trainer Baby Bottle each,$12.00,https://assets.woolworths.com.au/images/1005/592328.jpg?impolicy=wowsmkqiema&w=260&h=260
Cocomelon Sculpted Flatware Set 3 pack,$7.90,https://assets.woolworths.com.au/images/1005/592723.jpg?impolicy=wowsmkqiema&w=260&h=260
Cotton Candykins Reveal Your Sweet Freind each,$20.00,https://assets.woolworths.com.au/images/1005/6039157.jpg?impolicy=wowsmkqiema&w=260&h=260
Curash Baby Rash Powder With Cornstarch 100g,$7.20,https://assets.woolworths.com.au/images/1005/289265.jpg?impolicy=wowsmkqiema&w=260&h=260
Curash Baby Wipes Fragrance Free 240 pack,$14.00,https://assets.woolworths.com.au/images/1005/380154.jpg?impolicy=wowsmkqiema&w=260&h=260
Curash Baby Wipes Fragrance Free 80 pack,$5.50,https://assets.woolworths.com.au/images/1005/239760.jpg?impolicy=wowsmkqiema&w=260&h=260
Curash Baby Wipes Simply Water 80 pack,$6.00,https://assets.woolworths.com.au/images/1005/784649.jpg?impolicy=wowsmkqiema&w=260&h=260
Curash Gentle Baby Head to Toe Wash 400mL,$6.30,https://assets.woolworths.com.au/images/1005/215454.jpg?impolicy=wowsmkqiema&w=260&h=260
Curash Gentle Baby Shampoo & Conditioner 400mL,$6.30,https://assets.woolworths.com.au/images/1005/215453.jpg?impolicy=wowsmkqiema&w=260&h=260
Curash Simply Water Wipes 80 x 3 pack,$17.60,https://assets.woolworths.com.au/images/1005/579156.jpg?impolicy=wowsmkqiema&w=260&h=260
Curash Simply Water Wipes Travel 5 x 20 pack,$12.00,https://assets.woolworths.com.au/images/1005/155360.jpg?impolicy=wowsmkqiema&w=260&h=260
DermaVeen Baby Calmexa Extra Rich Moisturising Cream 150mL,$9.60,https://assets.woolworths.com.au/images/1005/296352.jpg?impolicy=wowsmkqiema&w=260&h=260
DermaVeen Baby Calmexa Soap-Free Wash & Shampoo 250mL,$10.80,https://assets.woolworths.com.au/images/1005/296323.jpg?impolicy=wowsmkqiema&w=260&h=260
Disney Pixar Cars Mini Vehicles Assorted 3 pack,$12.60,https://assets.woolworths.com.au/images/1005/82811.jpg?impolicy=wowsmkqiema&w=260&h=260
Ecostore Baby Bubble Bath 535mL,$8.50,https://assets.woolworths.com.au/images/1005/6018768.jpg?impolicy=wowsmkqiema&w=260&h=260
Ecostore Baby Bubble Bath Fragrance Free 535mL,$8.50,https://assets.woolworths.com.au/images/1005/6020130.jpg?impolicy=wowsmkqiema&w=260&h=260
Euky Bear Eucalyptus Chest Rub 50g,$8.10,https://assets.woolworths.com.au/images/1005/894061.jpg?impolicy=wowsmkqiema&w=260&h=260
Farex Breakfast On The Go Creamy Baby Food Porridge 6+ Months 120g,$1.60,https://assets.woolworths.com.au/images/1005/721255.jpg?impolicy=wowsmkqiema&w=260&h=260
First Response Pregnancy Test Instream 3 pack,$17.00,https://assets.woolworths.com.au/images/1005/232256.jpg?impolicy=wowsmkqiema&w=260&h=260
First Response Pregnancy Test Instream 7 pack,$34.00,https://assets.woolworths.com.au/images/1005/829122.jpg?impolicy=wowsmkqiema&w=260&h=260
First Response Pregnancy Test Stream each,$10.00,https://assets.woolworths.com.au/images/1005/158270.jpg?impolicy=wowsmkqiema&w=260&h=260
Flexi Handle Sippy Cup each,$12.00,https://assets.woolworths.com.au/images/1005/562247.jpg?impolicy=wowsmkqiema&w=260&h=260
Footy Feud Card Game each,$10.00,https://assets.woolworths.com.au/images/1005/858035.jpg?impolicy=wowsmkqiema&w=260&h=260
Gaia Natural Baby Bath Wash Sleeptime 500mL,$11.90,https://assets.woolworths.com.au/images/1005/829346.jpg?impolicy=wowsmkqiema&w=260&h=260
Gaia Natural Baby Biodegradable Nappy Bags 50 pack,$7.00,https://assets.woolworths.com.au/images/1005/156009.jpg?impolicy=wowsmkqiema&w=260&h=260
Gaia Natural Baby Hair & Body Wash 500mL,$11.90,https://assets.woolworths.com.au/images/1005/829345.jpg?impolicy=wowsmkqiema&w=260&h=260
Gaia Natural Baby Moisturiser 500mL,$11.00,https://assets.woolworths.com.au/images/1005/215573.jpg?impolicy=wowsmkqiema&w=260&h=260
Gaia Natural Baby Sleeptime Bubble Bath 250mL,$7.00,https://assets.woolworths.com.au/images/1005/156007.jpg?impolicy=wowsmkqiema&w=260&h=260
Gaia Nipple Balm 40mL,$10.00,https://assets.woolworths.com.au/images/1005/291109.jpg?impolicy=wowsmkqiema&w=260&h=260
Gaia Talc Free Natural Baby Powder 100g,$6.00,https://assets.woolworths.com.au/images/1005/333107.jpg?impolicy=wowsmkqiema&w=260&h=260
Heinz Baby Food 6+ Months Vanilla Custard 120g,$1.60,https://assets.woolworths.com.au/images/1005/362689.jpg?impolicy=wowsmkqiema&w=260&h=260
Heinz Baby Food 8+ Months Strawberry Vanilla Custard 120g,$1.60,https://assets.woolworths.com.au/images/1005/790517.jpg?impolicy=wowsmkqiema&w=260&h=260
Heinz Baby Food Apple & Oatmeal 6+ Months 170g,$1.60,https://assets.woolworths.com.au/images/1005/708698.jpg?impolicy=wowsmkqiema&w=260&h=260
Heinz Baby Food Apple Blueberry & Strawberry 8+ Months 120g,$1.60,https://assets.woolworths.com.au/images/1005/790513.jpg?impolicy=wowsmkqiema&w=260&h=260
Heinz Baby Food Apple Puree 4+ Months 110g,$1.20,https://assets.woolworths.com.au/images/1005/36531.jpg?impolicy=wowsmkqiema&w=260&h=260
Heinz Baby Food Apple Strawberry & Passionfruit 8+ Months 120g,$1.60,https://assets.woolworths.com.au/images/1005/923907.jpg?impolicy=wowsmkqiema&w=260&h=260
Heinz Baby Food Banana Custard 8+ Months 120g,$1.60,https://assets.woolworths.com.au/images/1005/362691.jpg?impolicy=wowsmkqiema&w=260&h=260
Heinz Baby Food Chicken Sweetcorn & Mango 6+ Months 120g,$1.60,https://assets.woolworths.com.au/images/1005/790523.jpg?impolicy=wowsmkqiema&w=260&h=260
Heinz Baby Food Pear Puree 4+ Months 110g,$1.20,https://assets.woolworths.com.au/images/1005/414927.jpg?impolicy=wowsmkqiema&w=260&h=260
Heinz Beef & Vegetable Casserole Baby Food Jar 8+ Months 170g,$1.60,https://assets.woolworths.com.au/images/1005/720985.jpg?impolicy=wowsmkqiema&w=260&h=260
Heinz Lamb Pumpkin + Sweet Potato Baby Food Jar 6+ Months 170g,$1.60,https://assets.woolworths.com.au/images/1005/830513.jpg?impolicy=wowsmkqiema&w=260&h=260
Heinz Little Kids Vanilla Custard Toddler Food Pouch 1-3 Years 120g,$1.60,https://assets.woolworths.com.au/images/1005/407231.jpg?impolicy=wowsmkqiema&w=260&h=260
Heinz Little Treats Vanilla Custard Baby Food Jar 6+ Months 110g,$1.20,https://assets.woolworths.com.au/images/1005/26261.jpg?impolicy=wowsmkqiema&w=260&h=260
Heinz Mango & Vanilla Custard Baby Food Pouch 8+ Months 120g,$1.60,https://assets.woolworths.com.au/images/1005/923904.jpg?impolicy=wowsmkqiema&w=260&h=260
Heinz Smoothie Banana Pear Oat Greek Yoghurt Baby Food 8+ M 120g,$1.60,https://assets.woolworths.com.au/images/1005/49779.jpg?impolicy=wowsmkqiema&w=260&h=260
Heinz Smoothie Pear Berry Oat Greek Yoghurt Baby Food 8+ M 120g,$1.60,https://assets.woolworths.com.au/images/1005/49778.jpg?impolicy=wowsmkqiema&w=260&h=260
Huggies DryNites Night Pants Boy 2-4 Years (13-20kg) 10 pack,$12.00,https://assets.woolworths.com.au/images/1005/213887.jpg?impolicy=wowsmkqiema&w=260&h=260
Huggies DryNites Night Pants Boy 4-7 Years (17-30kg) 9 pack,$12.00,https://assets.woolworths.com.au/images/1005/213889.jpg?impolicy=wowsmkqiema&w=260&h=260
Huggies DryNites Night Pants Boy 8-15 Years (27-57kg) 8 pack,$12.00,https://assets.woolworths.com.au/images/1005/214266.jpg?impolicy=wowsmkqiema&w=260&h=260
Huggies DryNites Night Pants Girl 2-4 Years (13-20kg) 10 pack,$12.00,https://assets.woolworths.com.au/images/1005/213888.jpg?impolicy=wowsmkqiema&w=260&h=260
Huggies DryNites Night Pants Girl 4-7 Years (17-30kg) 9 pack,$12.00,https://assets.woolworths.com.au/images/1005/213891.jpg?impolicy=wowsmkqiema&w=260&h=260
Huggies DryNites Night Pants Girl 8-15 Years (27-57kg) 8 pack,$12.00,https://assets.woolworths.com.au/images/1005/214267.jpg?impolicy=wowsmkqiema&w=260&h=260
Huggies Gentle Cleanse Baby Wipes Coconut Oil 240 pack,$14.50,https://assets.woolworths.com.au/images/1005/632910.jpg?impolicy=wowsmkqiema&w=260&h=260
Huggies Gentle Cleanse Baby Wipes Fragrance Free 240 pack,$14.50,https://assets.woolworths.com.au/images/1005/640827.jpg?impolicy=wowsmkqiema&w=260&h=260
Huggies Gentle Cleanse Baby Wipes Fragrance Free 400 pack,$19.00,https://assets.woolworths.com.au/images/1005/855587.jpg?impolicy=wowsmkqiema&w=260&h=260
Huggies Gentle Cleanse Baby Wipes Fragrance Free 80 pack,$2.75,https://assets.woolworths.com.au/images/1005/20391.jpg?impolicy=wowsmkqiema&w=260&h=260
Huggies Glentle Cleanse Baby Wipes Coconut Oil 80 pack,$2.75,https://assets.woolworths.com.au/images/1005/500427.jpg?impolicy=wowsmkqiema&w=260&h=260
Huggies Glentle Cleanse Baby Wipes Cucumber & Aloe 80 pack,$2.75,https://assets.woolworths.com.au/images/1005/368693.jpg?impolicy=wowsmkqiema&w=260&h=260
Huggies Little Swimmers Swim Nappies Medium (12-15kg) 11 pack,$17.00,https://assets.woolworths.com.au/images/1005/106658.jpg?impolicy=wowsmkqiema&w=260&h=260
Huggies Little Swimmers Swim Nappies Small (7-12kg) 12 pack,$17.00,https://assets.woolworths.com.au/images/1005/106661.jpg?impolicy=wowsmkqiema&w=260&h=260
Huggies Pure & Sensitive Nappies Size 1 (Up to 5kg) 86 pack,$28.00,https://assets.woolworths.com.au/images/1005/6018664.jpg?impolicy=wowsmkqiema&w=260&h=260
Huggies Pure & Sensitive Nappies Size 2 (4-8kg) 74 pack,$28.00,https://assets.woolworths.com.au/images/1005/6018652.jpg?impolicy=wowsmkqiema&w=260&h=260
Huggies Pure & Sensitive Nappies Size 3 (6-12kg) 68 pack,$28.00,https://assets.woolworths.com.au/images/1005/6021234.jpg?impolicy=wowsmkqiema&w=260&h=260
Huggies Pure & Sensitive Nappy Pants Size 4 (9-14kg) 54 pack,$28.00,https://assets.woolworths.com.au/images/1005/6021235.jpg?impolicy=wowsmkqiema&w=260&h=260
Huggies Pure & Sensitive Nappy Pants Size 5 (12-17kg) 46 pack,$28.00,https://assets.woolworths.com.au/images/1005/6021236.jpg?impolicy=wowsmkqiema&w=260&h=260
Huggies Pure & Sensitive Nappy Pants Size 6 (15kg+) 40 pack,$28.00,https://assets.woolworths.com.au/images/1005/6021237.jpg?impolicy=wowsmkqiema&w=260&h=260
Huggies Pure 99% Purified Water Baby Wipes 216 pack,$14.50,https://assets.woolworths.com.au/images/1005/216832.jpg?impolicy=wowsmkqiema&w=260&h=260
Huggies PURE 99% Purified Water Baby Wipes 72 pack,$2.75,https://assets.woolworths.com.au/images/1005/216801.jpg?impolicy=wowsmkqiema&w=260&h=260
Huggies Skin Protect Nappies Size 2 (4-8kg) 48 pack,$24.00,https://assets.woolworths.com.au/images/1005/673363.jpg?impolicy=wowsmkqiema&w=260&h=260
Huggies Skin Protect Nappies Size 2 (4-8kg) 96 pack,$28.00,https://assets.woolworths.com.au/images/1005/673364.jpg?impolicy=wowsmkqiema&w=260&h=260
Huggies Skin Protect Newborn Nappies Size 1 (Up to 5kg) 108 pack,$28.00,https://assets.woolworths.com.au/images/1005/568518.jpg?impolicy=wowsmkqiema&w=260&h=260
Huggies Skin Protect Newborn Nappies Size 1 (Up to 5kg) 54 pack,$24.00,https://assets.woolworths.com.au/images/1005/569376.jpg?impolicy=wowsmkqiema&w=260&h=260
Huggies Ultra Dry Nappies Boys Size 3 (6-11kg) 44 pack,$24.00,https://assets.woolworths.com.au/images/1005/16135.jpg?impolicy=wowsmkqiema&w=260&h=260
Huggies Ultra Dry Nappies Boys Size 3 (6-11kg) 90 pack,$40.00,https://assets.woolworths.com.au/images/1005/724670.jpg?impolicy=wowsmkqiema&w=260&h=260
Huggies Ultra Dry Nappies Boys Size 4 (10-15kg) 36 pack,$24.00,https://assets.woolworths.com.au/images/1005/16614.jpg?impolicy=wowsmkqiema&w=260&h=260
Huggies Ultra Dry Nappies Boys Size 4 (10-15kg) 72 pack,$40.00,https://assets.woolworths.com.au/images/1005/724631.jpg?impolicy=wowsmkqiema&w=260&h=260
Huggies Ultra Dry Nappies Boys Size 5 (13-18kg) 32 pack,$24.00,https://assets.woolworths.com.au/images/1005/16631.jpg?impolicy=wowsmkqiema&w=260&h=260
Huggies Ultra Dry Nappies Boys Size 5 (13-18kg) 64 pack,$40.00,https://assets.woolworths.com.au/images/1005/724633.jpg?impolicy=wowsmkqiema&w=260&h=260
Huggies Ultra Dry Nappies Boys Size 6 (16kg+) 30 pack,$24.00,https://assets.woolworths.com.au/images/1005/200705.jpg?impolicy=wowsmkqiema&w=260&h=260
Huggies Ultra Dry Nappies Boys Size 6 (16kg+) 60 pack,$40.00,https://assets.woolworths.com.au/images/1005/157925.jpg?impolicy=wowsmkqiema&w=260&h=260
Huggies Ultra Dry Nappies Girls Size 3 (6-11kg) 44 pack,$24.00,https://assets.woolworths.com.au/images/1005/16578.jpg?impolicy=wowsmkqiema&w=260&h=260
Huggies Ultra Dry Nappies Girls Size 3 (6-11kg) 90 pack,$40.00,https://assets.woolworths.com.au/images/1005/724652.jpg?impolicy=wowsmkqiema&w=260&h=260
Huggies Ultra Dry Nappies Girls Size 4 (10-15kg) 36 pack,$24.00,https://assets.woolworths.com.au/images/1005/16627.jpg?impolicy=wowsmkqiema&w=260&h=260
Huggies Ultra Dry Nappies Girls Size 4 (10-15kg) 72 pack,$40.00,https://assets.woolworths.com.au/images/1005/724632.jpg?impolicy=wowsmkqiema&w=260&h=260
Huggies Ultra Dry Nappies Girls Size 5 (13-18kg) 32 pack,$24.00,https://assets.woolworths.com.au/images/1005/16635.jpg?impolicy=wowsmkqiema&w=260&h=260
Huggies Ultra Dry Nappies Girls Size 5 (13-18kg) 64 pack,$40.00,https://assets.woolworths.com.au/images/1005/724643.jpg?impolicy=wowsmkqiema&w=260&h=260
Huggies Ultra Dry Nappies Girls Size 6 (16kg+) 60 pack,$40.00,https://assets.woolworths.com.au/images/1005/157924.jpg?impolicy=wowsmkqiema&w=260&h=260
Huggies Ultra Dry Nappy Pants Boys Size 3 (6-12kg) 36 pack,$11.00,https://assets.woolworths.com.au/images/1005/157927.jpg?impolicy=wowsmkqiema&w=260&h=260
Huggies Ultra Dry Nappy Pants Boys Size 4 (9-14kg) 29 pack,$11.00,https://assets.woolworths.com.au/images/1005/568616.jpg?impolicy=wowsmkqiema&w=260&h=260
Huggies Ultra Dry Nappy Pants Boys Size 4 (9-14kg) 62 pack,$32.50,https://assets.woolworths.com.au/images/1005/151677.jpg?impolicy=wowsmkqiema&w=260&h=260
Huggies Ultra Dry Nappy Pants Boys Size 5 (12-17kg) 26 pack,$11.00,https://assets.woolworths.com.au/images/1005/568730.jpg?impolicy=wowsmkqiema&w=260&h=260
Huggies Ultra Dry Nappy Pants Boys Size 5 (12-17kg) 54 pack,$32.50,https://assets.woolworths.com.au/images/1005/151679.jpg?impolicy=wowsmkqiema&w=260&h=260
Huggies Ultra Dry Nappy Pants Boys Size 6 (15-20kg) 24 pack,$11.00,https://assets.woolworths.com.au/images/1005/568656.jpg?impolicy=wowsmkqiema&w=260&h=260
Huggies Ultra Dry Nappy Pants Boys Size 6 (15-20kg) 48 pack,$32.50,https://assets.woolworths.com.au/images/1005/151681.jpg?impolicy=wowsmkqiema&w=260&h=260
Huggies Ultra Dry Nappy Pants Girls Size 3 (6-12kg) 36 pack,$11.00,https://assets.woolworths.com.au/images/1005/157928.jpg?impolicy=wowsmkqiema&w=260&h=260
Huggies Ultra Dry Nappy Pants Girls Size 4 (9-14kg) 29 pack,$11.00,https://assets.woolworths.com.au/images/1005/568619.jpg?impolicy=wowsmkqiema&w=260&h=260
Huggies Ultra Dry Nappy Pants Girls Size 4 (9-14kg) 62 pack,$32.50,https://assets.woolworths.com.au/images/1005/151678.jpg?impolicy=wowsmkqiema&w=260&h=260
Huggies Ultra Dry Nappy Pants Girls Size 5 (12-17kg) 26 pack,$11.00,https://assets.woolworths.com.au/images/1005/568731.jpg?impolicy=wowsmkqiema&w=260&h=260
Huggies Ultra Dry Nappy Pants Girls Size 5 (12-17kg) 54 pack,$32.50,https://assets.woolworths.com.au/images/1005/151680.jpg?impolicy=wowsmkqiema&w=260&h=260
Huggies Ultra Dry Nappy Pants Girls Size 6 (15-20kg) 24 pack,$11.00,https://assets.woolworths.com.au/images/1005/568657.jpg?impolicy=wowsmkqiema&w=260&h=260
Huggies Ultra Dry Nappy Pants Girls Size 6 (15-20kg) 48 pack,$32.50,https://assets.woolworths.com.au/images/1005/151842.jpg?impolicy=wowsmkqiema&w=260&h=260
Infacol Effective Colic Relief 50mL,$20.00,https://assets.woolworths.com.au/images/1005/91412.jpg?impolicy=wowsmkqiema&w=260&h=260
Infants' Friend Colic & Wind 100mL,$14.90,https://assets.woolworths.com.au/images/1005/219106.jpg?impolicy=wowsmkqiema&w=260&h=260
Johnson's Aloe Vera & Vitamin E Gentle Soothing Moisturising Baby Oil 500mL,$12.50,https://assets.woolworths.com.au/images/1005/118616.jpg?impolicy=wowsmkqiema&w=260&h=260
Johnson's Baby Powder 400g,$8.00,https://assets.woolworths.com.au/images/1005/78867.jpg?impolicy=wowsmkqiema&w=260&h=260
Johnson's Baby Smoothing Powder Aloe Vera & Vitamin E 200g,$6.00,https://assets.woolworths.com.au/images/1005/309383.jpg?impolicy=wowsmkqiema&w=260&h=260
Johnson's Bedtime Gentle Calming Scented Tear Free Baby Bath 500mL,$11.00,https://assets.woolworths.com.au/images/1005/169285.jpg?impolicy=wowsmkqiema&w=260&h=260
Johnson's Gentle Fresh Scented Mild Moisturising Baby Lotion 500mL,$11.00,https://assets.woolworths.com.au/images/1005/658324.jpg?impolicy=wowsmkqiema&w=260&h=260
Johnson's Gentle Mild Moisturising Baby Oil 200mL,$6.50,https://assets.woolworths.com.au/images/1005/30263.jpg?impolicy=wowsmkqiema&w=260&h=260
Johnson's Gentle Moisturising Baby Soap Bar 95g x 2 pack,$4.50,https://assets.woolworths.com.au/images/1005/136074.jpg?impolicy=wowsmkqiema&w=260&h=260
Johnson's Gentle Tear-Free Conditioning Baby Shampoo & Cleansing Wash 500mL,$12.50,https://assets.woolworths.com.au/images/1005/114111.jpg?impolicy=wowsmkqiema&w=260&h=260
Johnson's Hypoallergenic Gentle Tear Free Cleansing Baby Shampoo 500mL,$11.00,https://assets.woolworths.com.au/images/1005/114110.jpg?impolicy=wowsmkqiema&w=260&h=260
Johnson's Milk + Rice Tear Free Gentle Nourish Moisturising Baby Bath 500mL,$12.50,https://assets.woolworths.com.au/images/1005/935587.jpg?impolicy=wowsmkqiema&w=260&h=260
Johnson's Top-To-Toe Baby Bath 500mL,$11.00,https://assets.woolworths.com.au/images/1005/145539.jpg?impolicy=wowsmkqiema&w=260&h=260
Jordans Cleaning Baby Toothbrush Assorted each,$5.50,https://assets.woolworths.com.au/images/1005/352834.jpg?impolicy=wowsmkqiema&w=260&h=260
Karicare 1 Gentle Nutrition Infant Formula From 0 to 6 Months 900g,$20.00,https://assets.woolworths.com.au/images/1005/743610.jpg?impolicy=wowsmkqiema&w=260&h=260
Karicare 2 Gentle Nutrition Baby Formula From 6 to 12 Months 900g,$20.00,https://assets.woolworths.com.au/images/1005/743732.jpg?impolicy=wowsmkqiema&w=260&h=260
Karicare 3 Gentle Nutrition Toddler Milk Drink From 12+ Months 900g,$19.80,https://assets.woolworths.com.au/images/1005/743687.jpg?impolicy=wowsmkqiema&w=260&h=260
Karicare 4 Gentle Nutrition Toddler Milk Drink From 2+ Years 900g,$19.80,https://assets.woolworths.com.au/images/1005/743762.jpg?impolicy=wowsmkqiema&w=260&h=260
Karicare Soy Infant Formula From Birth to 12 Months 900g,$20.00,https://assets.woolworths.com.au/images/1005/87983.jpg?impolicy=wowsmkqiema&w=260&h=260
Kiddylicious Blueberry Wafers 4 pack,$2.45,https://assets.woolworths.com.au/images/1005/203799.jpg?impolicy=wowsmkqiema&w=260&h=260
Kiddylicious Cheesy Straws 12g,$2.20,https://assets.woolworths.com.au/images/1005/56230.jpg?impolicy=wowsmkqiema&w=260&h=260
Kiddylicious Crispy Tiddlers Raspberry 12g,$2.20,https://assets.woolworths.com.au/images/1005/507944.jpg?impolicy=wowsmkqiema&w=260&h=260
Kiddylicious Fruity Puffs Banana 10g,$2.20,https://assets.woolworths.com.au/images/1005/507933.jpg?impolicy=wowsmkqiema&w=260&h=260
Kiddylicious Smoothie Melts Strawberry & Banana 12+ Months 6g,$2.20,https://assets.woolworths.com.au/images/1005/220968.jpg?impolicy=wowsmkqiema&w=260&h=260
Kiddylicious Strawberry Fruity Puffs 10g,$2.20,https://assets.woolworths.com.au/images/1005/112952.jpg?impolicy=wowsmkqiema&w=260&h=260
Kiddylicious Veggie Straws 12g,$2.20,https://assets.woolworths.com.au/images/1005/56227.jpg?impolicy=wowsmkqiema&w=260&h=260
Kiddylicious Veggie Straws 4 pack,$7.80,https://assets.woolworths.com.au/images/1005/805338.jpg?impolicy=wowsmkqiema&w=260&h=260
Kiddylicious Veggie Straws Cheesy 4 pack,$7.80,https://assets.woolworths.com.au/images/1005/805339.jpg?impolicy=wowsmkqiema&w=260&h=260
Kiddylicious Wafers Raspberry 4 pack,$2.45,https://assets.woolworths.com.au/images/1005/156073.jpg?impolicy=wowsmkqiema&w=260&h=260
Libra Maternity Pads Aloe Vera With Wings 10 pack,$6.00,https://assets.woolworths.com.au/images/1005/312064.jpg?impolicy=wowsmkqiema&w=260&h=260
Little Bellies Berry Yoghurt Pickup Sticks 16g,$3.50,https://assets.woolworths.com.au/images/1005/274921.jpg?impolicy=wowsmkqiema&w=260&h=260
Little Bellies Coconut Melts Mango & Banana 20g,$6.50,https://assets.woolworths.com.au/images/1005/906162.jpg?impolicy=wowsmkqiema&w=260&h=260
Little Bellies Gingerbread Men 130g,$5.50,https://assets.woolworths.com.au/images/1005/81661.jpg?impolicy=wowsmkqiema&w=260&h=260
Little Bellies Jammies Strawberry & Apple 12m+ 70g,$5.50,https://assets.woolworths.com.au/images/1005/6082405.jpg?impolicy=wowsmkqiema&w=260&h=260
Little Bellies Mango Yoghurt Pickup Sticks 16g,$3.50,https://assets.woolworths.com.au/images/1005/276000.jpg?impolicy=wowsmkqiema&w=260&h=260
Little Bellies Nibblers Blueberry & Banana 12m+ 20g,$3.50,https://assets.woolworths.com.au/images/1005/6083218.jpg?impolicy=wowsmkqiema&w=260&h=260
Little Bellies Nibblers Raspberry & Apple 12m+ 20g,$3.50,https://assets.woolworths.com.au/images/1005/6082356.jpg?impolicy=wowsmkqiema&w=260&h=260
Little Bellies Organic Animal Biscuits 130g,$5.50,https://assets.woolworths.com.au/images/1005/59519.jpg?impolicy=wowsmkqiema&w=260&h=260
Little Bellies Organic Apple & Cinnamon Puffs 35g,$5.00,https://assets.woolworths.com.au/images/1005/221215.jpg?impolicy=wowsmkqiema&w=260&h=260
Little Bellies Organic Apricot Date & Oat Bar 5 pack,$4.90,https://assets.woolworths.com.au/images/1005/176458.jpg?impolicy=wowsmkqiema&w=260&h=260
Little Bellies Organic Banana Date & Oat Bar 5 pack,$4.90,https://assets.woolworths.com.au/images/1005/176501.jpg?impolicy=wowsmkqiema&w=260&h=260
Little Bellies Organic Banana Pick-Up Sticks 16g,$3.50,https://assets.woolworths.com.au/images/1005/111470.jpg?impolicy=wowsmkqiema&w=260&h=260
Little Bellies Organic Banana Softcorn 30g,$5.00,https://assets.woolworths.com.au/images/1005/174919.jpg?impolicy=wowsmkqiema&w=260&h=260
Little Bellies Organic Banana Softcorn 8g,$2.15,https://assets.woolworths.com.au/images/1005/627754.jpg?impolicy=wowsmkqiema&w=260&h=260
Little Bellies Organic Berry & Apple Softcorn 30g,$5.00,https://assets.woolworths.com.au/images/1005/175720.jpg?impolicy=wowsmkqiema&w=260&h=260
Little Bellies Organic Berry & Apple Softcorn 8g,$2.15,https://assets.woolworths.com.au/images/1005/627742.jpg?impolicy=wowsmkqiema&w=260&h=260
Little Bellies Organic Carrot Puffs 12g,$2.15,https://assets.woolworths.com.au/images/1005/790107.jpg?impolicy=wowsmkqiema&w=260&h=260
Little Bellies Organic Carrot Puffs 35g,$5.00,https://assets.woolworths.com.au/images/1005/176477.jpg?impolicy=wowsmkqiema&w=260&h=260
Little Bellies Organic Cocoa & Vanilla 123's 130g,$5.50,https://assets.woolworths.com.au/images/1005/174867.jpg?impolicy=wowsmkqiema&w=260&h=260
Little Bellies Organic Puffs Apple & Cinnamon 12g,$2.15,https://assets.woolworths.com.au/images/1005/414360.jpg?impolicy=wowsmkqiema&w=260&h=260
Little Bellies Organic Pumpkin & Carrot Softcorn 8g,$2.15,https://assets.woolworths.com.au/images/1005/176319.jpg?impolicy=wowsmkqiema&w=260&h=260
Little Bellies Organic Strawberry Pick-Up Sticks 16g,$3.50,https://assets.woolworths.com.au/images/1005/59516.jpg?impolicy=wowsmkqiema&w=260&h=260
Little Bellies Organic Sultanas 6 pack,$3.00,https://assets.woolworths.com.au/images/1005/766376.jpg?impolicy=wowsmkqiema&w=260&h=260
Little Bellies Organic Sweet & Salty Softcorn 8g x 4 pack,$6.00,https://assets.woolworths.com.au/images/1005/905683.jpg?impolicy=wowsmkqiema&w=260&h=260
Little Bellies Organic Sweet Potato Pick-Up Sticks 16g,$3.50,https://assets.woolworths.com.au/images/1005/59517.jpg?impolicy=wowsmkqiema&w=260&h=260
Little Bellies Organic Sweetcorn Round-a-bouts 12g,$2.15,https://assets.woolworths.com.au/images/1005/839243.jpg?impolicy=wowsmkqiema&w=260&h=260
Little Bellies Puffs Blueberry 12g,$2.15,https://assets.woolworths.com.au/images/1005/790094.jpg?impolicy=wowsmkqiema&w=260&h=260
Little Bellies Softcorn Cheddar Cheese 12m+ 30g,$5.00,https://assets.woolworths.com.au/images/1005/6082844.jpg?impolicy=wowsmkqiema&w=260&h=260
Little Bellies Yoghurt Melts Strawberry & Banana 20g,$6.50,https://assets.woolworths.com.au/images/1005/905506.jpg?impolicy=wowsmkqiema&w=260&h=260
Little One's Baby Powder With Cornstarch 200g,$2.00,https://assets.woolworths.com.au/images/1005/171204.jpg?impolicy=wowsmkqiema&w=260&h=260
Little One's Baby Wash Cloths Assorted 6 pack,$7.50,https://assets.woolworths.com.au/images/1005/376185.jpg?impolicy=wowsmkqiema&w=260&h=260
Little One's Baby Wash Head To Toe 500mL,$5.00,https://assets.woolworths.com.au/images/1005/123423.jpg?impolicy=wowsmkqiema&w=260&h=260
Little One's Baby Wipes 480 pack,$11.00,https://assets.woolworths.com.au/images/1005/961134.jpg?impolicy=wowsmkqiema&w=260&h=260
Little One's Baby Wipes 80 pack,$2.00,https://assets.woolworths.com.au/images/1005/961095.jpg?impolicy=wowsmkqiema&w=260&h=260
Little One's Baby Wipes Extra Large Fragrance Free 70 pack,$2.00,https://assets.woolworths.com.au/images/1005/6026750.jpg?impolicy=wowsmkqiema&w=260&h=260
Little One's Baby Wipes Hand & Face 30 pack,$1.60,https://assets.woolworths.com.au/images/1005/961135.jpg?impolicy=wowsmkqiema&w=260&h=260
Little One's Baby Wipes Scented 480 pack,$11.00,https://assets.woolworths.com.au/images/1005/122452.jpg?impolicy=wowsmkqiema&w=260&h=260
Little One's Baby Wipes Scented 80 pack,$2.00,https://assets.woolworths.com.au/images/1005/961133.jpg?impolicy=wowsmkqiema&w=260&h=260
Little One's Bedtime Mats 7 pack,$7.50,https://assets.woolworths.com.au/images/1005/171203.jpg?impolicy=wowsmkqiema&w=260&h=260
Little One's Bottle Brush each,$7.75,https://assets.woolworths.com.au/images/1005/17194.jpg?impolicy=wowsmkqiema&w=260&h=260
Little One's Bright Baby Bibs Assorted 5 pack,$11.00,https://assets.woolworths.com.au/images/1005/378160.jpg?impolicy=wowsmkqiema&w=260&h=260
Little One's Change Mats 10 pack,$5.00,https://assets.woolworths.com.au/images/1005/171202.jpg?impolicy=wowsmkqiema&w=260&h=260
Little One's Feeding Bottles Assorted 3 pack,$8.00,https://assets.woolworths.com.au/images/1005/250663.jpg?impolicy=wowsmkqiema&w=260&h=260
Little One's Gentle Cleansing Bubble Bath Fruity Fragrance 500mL,$5.00,https://assets.woolworths.com.au/images/1005/123425.jpg?impolicy=wowsmkqiema&w=260&h=260
Little One's Nappy Bags Odour Neutralising 200 pack,$3.20,https://assets.woolworths.com.au/images/1005/573517.jpg?impolicy=wowsmkqiema&w=260&h=260
Little One's Nappy Pants Size 4 Toddler (9-14kg) 50 pack,$17.00,https://assets.woolworths.com.au/images/1005/6030538.jpg?impolicy=wowsmkqiema&w=260&h=260
Little One's Nappy Pants Size 5 Walker (12-17kg) 46 pack,$17.00,https://assets.woolworths.com.au/images/1005/6030545.jpg?impolicy=wowsmkqiema&w=260&h=260
Little One's Nappy Pants Size 6 Junior (15-20kg) 42 pack,$17.00,https://assets.woolworths.com.au/images/1005/6030548.jpg?impolicy=wowsmkqiema&w=260&h=260
Little One's Premium Baby Wipes Thick Unscented 80 pack,$2.75,https://assets.woolworths.com.au/images/1005/80347.jpg?impolicy=wowsmkqiema&w=260&h=260
Little One's Premium Thick Scented Baby Wipes 80 pack,$2.75,https://assets.woolworths.com.au/images/1005/184152.jpg?impolicy=wowsmkqiema&w=260&h=260
Little One's Silicone Teats Fast Flow 2 pack,$3.50,https://assets.woolworths.com.au/images/1005/725362.jpg?impolicy=wowsmkqiema&w=260&h=260
Little One's Spin & Sip Cups 6M+ Assorted each,$6.00,https://assets.woolworths.com.au/images/1005/725083.jpg?impolicy=wowsmkqiema&w=260&h=260
Little One's Ultra Dry Nappies Size 1 Newborn (5+kg) 30 pack,$5.35,https://assets.woolworths.com.au/images/1005/86173.jpg?impolicy=wowsmkqiema&w=260&h=260
Little One's Ultra Dry Nappies Size 2 Infant (4-8kg) 56 pack,$11.50,https://assets.woolworths.com.au/images/1005/86174.jpg?impolicy=wowsmkqiema&w=260&h=260
Little One's Ultra Dry Nappies Size 3 Crawler (6-11kg) 56 pack,$11.50,https://assets.woolworths.com.au/images/1005/86175.jpg?impolicy=wowsmkqiema&w=260&h=260
Little One's Ultra Dry Nappies Size 4 Toddler (9-14kg) 50 pack,$11.50,https://assets.woolworths.com.au/images/1005/86176.jpg?impolicy=wowsmkqiema&w=260&h=260
Little One's Ultra Dry Nappies Size 5 Walker (12-17kg) 44 pack,$11.50,https://assets.woolworths.com.au/images/1005/86177.jpg?impolicy=wowsmkqiema&w=260&h=260
Little One's Ultra Dry Nappies Size 6 Junior (15-20kg) 40 pack,$11.50,https://assets.woolworths.com.au/images/1005/86178.jpg?impolicy=wowsmkqiema&w=260&h=260
Little One's Ultra Dry Nappies Size 7 Roamer (18+kg) 36 pack,$11.50,https://assets.woolworths.com.au/images/1005/86179.jpg?impolicy=wowsmkqiema&w=260&h=260
Little One's Ultra Dry Nappy Pants Size 4 (9-14kg) 25 pack,$10.00,https://assets.woolworths.com.au/images/1005/535526.jpg?impolicy=wowsmkqiema&w=260&h=260
Little One's Ultra Dry Nappy Pants Size 5 (12-17kg) 23 pack,$10.00,https://assets.woolworths.com.au/images/1005/535528.jpg?impolicy=wowsmkqiema&w=260&h=260
Little One's Ultra Dry Nappy Pants Size 6 (15-20kg) 21 pack,$10.00,https://assets.woolworths.com.au/images/1005/544755.jpg?impolicy=wowsmkqiema&w=260&h=260
Little One's Water Baby Wipes Fragrance Free 60 pack,$1.90,https://assets.woolworths.com.au/images/1005/6026751.jpg?impolicy=wowsmkqiema&w=260&h=260
Little One's Weaning Spoons 5 pack,$5.00,https://assets.woolworths.com.au/images/1005/17147.jpg?impolicy=wowsmkqiema&w=260&h=260
Little One's Wide Neck Baby Bottle Assorted 2 pack,$8.50,https://assets.woolworths.com.au/images/1005/353063.jpg?impolicy=wowsmkqiema&w=260&h=260
Little Quacker 1-3 Years Rice Biscuit Strawberry 40g,$2.85,https://assets.woolworths.com.au/images/1005/756670.jpg?impolicy=wowsmkqiema&w=260&h=260
Macro Baby Food Pouch Apple & Banana With Oats 6+ Months 120g,$1.00,https://assets.woolworths.com.au/images/1005/6044303.jpg?impolicy=wowsmkqiema&w=260&h=260
Macro Baby Food Pouch Apple Pear & Cinnamon 6+ Months 120g,$1.00,https://assets.woolworths.com.au/images/1005/6043879.jpg?impolicy=wowsmkqiema&w=260&h=260
Macro Baby Food Pouch Banana & Vanilla Custard 6+ Months 120g,$1.00,https://assets.woolworths.com.au/images/1005/6048119.jpg?impolicy=wowsmkqiema&w=260&h=260
Macro Baby Food Pouch Chicken Vegetables & Oregano 6+ Months 120g,$1.00,https://assets.woolworths.com.au/images/1005/6042388.jpg?impolicy=wowsmkqiema&w=260&h=260
Macro Baby Food Pouch Pear Apple & Berries 6+ Months 120g,$1.00,https://assets.woolworths.com.au/images/1005/6047745.jpg?impolicy=wowsmkqiema&w=260&h=260
Macro Baby Food Pouch Pear Banana & Mango 6m+ 120g,$1.00,https://assets.woolworths.com.au/images/1005/6044320.jpg?impolicy=wowsmkqiema&w=260&h=260
Macro Baby Food Pouch Pear Banana Blueberry & Oats 120g,$1.00,https://assets.woolworths.com.au/images/1005/6043827.jpg?impolicy=wowsmkqiema&w=260&h=260
Macro Baby Food Pouch Pumpkin Sweet Potato & Pear 120g,$1.00,https://assets.woolworths.com.au/images/1005/6044311.jpg?impolicy=wowsmkqiema&w=260&h=260
Macro Organic Baby Food Apple & Blueberry 6m 120g,$1.50,https://assets.woolworths.com.au/images/1005/713590.jpg?impolicy=wowsmkqiema&w=260&h=260
Macro Organic Baby Food Apple & Pear 6m 120g,$1.50,https://assets.woolworths.com.au/images/1005/713568.jpg?impolicy=wowsmkqiema&w=260&h=260
Macro Organic Baby Food Apple Berries & Fig With Yoghurt 120g,$1.50,https://assets.woolworths.com.au/images/1005/669657.jpg?impolicy=wowsmkqiema&w=260&h=260
Macro Organic Baby Food Beef Vegetables & Rice 6m 120g,$1.50,https://assets.woolworths.com.au/images/1005/713596.jpg?impolicy=wowsmkqiema&w=260&h=260
Macro Organic Baby Food Chicken & Sweetcorn Pasta 6m 120g,$1.50,https://assets.woolworths.com.au/images/1005/713599.jpg?impolicy=wowsmkqiema&w=260&h=260
Macro Organic Baby Food Mixed Fruit Spinach Smoothie with Yoghurt & Oats 120g,$1.50,https://assets.woolworths.com.au/images/1005/399373.jpg?impolicy=wowsmkqiema&w=260&h=260
Macro Organic Baby Food Pumpkin Potato Carrot & Sweetcorn 120g,$1.50,https://assets.woolworths.com.au/images/1005/713592.jpg?impolicy=wowsmkqiema&w=260&h=260
Macro Organic Baby Food Sweet Potato Carrot & Zucchini 120g,$1.50,https://assets.woolworths.com.au/images/1005/669654.jpg?impolicy=wowsmkqiema&w=260&h=260
Macro Organic Baby Food Vegetable Lasagne 6m 120g,$1.50,https://assets.woolworths.com.au/images/1005/133168.jpg?impolicy=wowsmkqiema&w=260&h=260
Macro Organic Baby FoodApple Banana & Blueberry Muesli 6m 120g,$1.50,https://assets.woolworths.com.au/images/1005/749784.jpg?impolicy=wowsmkqiema&w=260&h=260
Marcalan Nipple Cream 50g,$14.95,https://assets.woolworths.com.au/images/1005/758434.jpg?impolicy=wowsmkqiema&w=260&h=260
Millie Moon 99% Pure Water Baby Wipes 216 pack,$10.00,https://assets.woolworths.com.au/images/1005/6014355.jpg?impolicy=wowsmkqiema&w=260&h=260
Millie Moon 99% Pure Water Wipes 72 pack,$5.00,https://assets.woolworths.com.au/images/1005/6014356.jpg?impolicy=wowsmkqiema&w=260&h=260
Millie Moon Luxury Nappies Size 1 Newborn (3-5kg) 54 pack,$17.50,https://assets.woolworths.com.au/images/1005/6007813.jpg?impolicy=wowsmkqiema&w=260&h=260
Millie Moon Luxury Nappies Size 2 (4-8kg) 96 pack,$31.00,https://assets.woolworths.com.au/images/1005/6016332.jpg?impolicy=wowsmkqiema&w=260&h=260
Millie Moon Luxury Nappies Size 2 Infant (4-8kg) 48 pack,$17.50,https://assets.woolworths.com.au/images/1005/6007149.jpg?impolicy=wowsmkqiema&w=260&h=260
Millie Moon Luxury Nappies Size 3 (6-11kg) 88 pack,$31.00,https://assets.woolworths.com.au/images/1005/6014521.jpg?impolicy=wowsmkqiema&w=260&h=260
Millie Moon Luxury Nappies Size 3 Crawler (6-11kg) 44 pack,$17.50,https://assets.woolworths.com.au/images/1005/6007148.jpg?impolicy=wowsmkqiema&w=260&h=260
Millie Moon Luxury Nappies Size 4 (10-15kg) 72 pack,$31.00,https://assets.woolworths.com.au/images/1005/6014530.jpg?impolicy=wowsmkqiema&w=260&h=260
Millie Moon Luxury Nappies Size 4 Toddler (10-15kg) 36 pack,$17.50,https://assets.woolworths.com.au/images/1005/6007811.jpg?impolicy=wowsmkqiema&w=260&h=260
Millie Moon Luxury Nappies Size 5 (13-18kg) 64 pack,$31.00,https://assets.woolworths.com.au/images/1005/6014531.jpg?impolicy=wowsmkqiema&w=260&h=260
Millie Moon Luxury Nappies Size 5 Walker (13-18kg) 32 pack,$17.50,https://assets.woolworths.com.au/images/1005/6007782.jpg?impolicy=wowsmkqiema&w=260&h=260
Millie Moon Luxury Nappies Size 6 (15-20kg) 60 pack,$31.00,https://assets.woolworths.com.au/images/1005/6014532.jpg?impolicy=wowsmkqiema&w=260&h=260
Millie Moon Luxury Nappies Size 6 Junior (15-20kg) 30 pack,$17.50,https://assets.woolworths.com.au/images/1005/6007815.jpg?impolicy=wowsmkqiema&w=260&h=260
Millie Moon Luxury Nappies Size 7 (17+kg) 26 pack,$17.50,https://assets.woolworths.com.au/images/1005/6014520.jpg?impolicy=wowsmkqiema&w=260&h=260
Millie Moon Luxury Nappies Size 7 (17+kg) 54 pack,$31.00,https://assets.woolworths.com.au/images/1005/6076880.jpg?impolicy=wowsmkqiema&w=260&h=260
Millie Moon Luxury Nappy Pants Size 4 (10-15kg) 56 pack,$26.00,https://assets.woolworths.com.au/images/1005/6016334.jpg?impolicy=wowsmkqiema&w=260&h=260
Millie Moon Luxury Nappy Pants Size 5 (13-18kg) 50 pack,$26.00,https://assets.woolworths.com.au/images/1005/6016335.jpg?impolicy=wowsmkqiema&w=260&h=260
Millie Moon Luxury Nappy Pants Size 6 (15-20kg) 46 pack,$26.00,https://assets.woolworths.com.au/images/1005/6016336.jpg?impolicy=wowsmkqiema&w=260&h=260
Millie Moon Luxury Nappy Pants Size 7 (17+kg) 42 pack,$26.00,https://assets.woolworths.com.au/images/1005/6016337.jpg?impolicy=wowsmkqiema&w=260&h=260
Millie Moon Ms Rachel Nappy Pants Size 4 (10-15kg) 29 pack,$17.50,https://assets.woolworths.com.au/images/1005/6014533.jpg?impolicy=wowsmkqiema&w=260&h=260
Millie Moon Ms Rachel Nappy Pants Size 5 (13-18kg) 26 pack,$17.50,https://assets.woolworths.com.au/images/1005/6014534.jpg?impolicy=wowsmkqiema&w=260&h=260
Millie Moon Ms Rachel Nappy Pants Size 6 (15-20kg) 24 pack,$17.50,https://assets.woolworths.com.au/images/1005/6014535.jpg?impolicy=wowsmkqiema&w=260&h=260
Millie Moon Ms Rachel Nappy Pants Size 7 (17+kg) 22 pack,$17.50,https://assets.woolworths.com.au/images/1005/6007812.jpg?impolicy=wowsmkqiema&w=260&h=260
Millie Moon Sensitive Baby Wipes 240 pack,$10.00,https://assets.woolworths.com.au/images/1005/6014354.jpg?impolicy=wowsmkqiema&w=260&h=260
Millie Moon Sensitive Baby Wipes 80 pack,$5.00,https://assets.woolworths.com.au/images/1005/6014353.jpg?impolicy=wowsmkqiema&w=260&h=260
Milton Anti Bacterial Tablets 30 pack,$9.50,https://assets.woolworths.com.au/images/1005/32836.jpg?impolicy=wowsmkqiema&w=260&h=260
Milton Antibacterial Concentrated Solution 500mL,$12.00,https://assets.woolworths.com.au/images/1005/864852.jpg?impolicy=wowsmkqiema&w=260&h=260
Milton Baby Bottle Cleaner 500mL,$7.00,https://assets.woolworths.com.au/images/1005/633080.jpg?impolicy=wowsmkqiema&w=260&h=260
Misfitten Kittens Assorted each,$13.60,https://assets.woolworths.com.au/images/1005/906304.jpg?impolicy=wowsmkqiema&w=260&h=260
Mumamoo Follow On Baby Formula Stage 2 (6-12m) 800g,$31.40,https://assets.woolworths.com.au/images/1005/6023145.jpg?impolicy=wowsmkqiema&w=260&h=260
Mumamoo Toddler Milk Formula Stage 3 800g,$31.40,https://assets.woolworths.com.au/images/1005/6023229.jpg?impolicy=wowsmkqiema&w=260&h=260
Munchkin Flexi Straw Cup Assorted 207mL each,$12.00,https://assets.woolworths.com.au/images/1005/428365.jpg?impolicy=wowsmkqiema&w=260&h=260
Munchkin Miracle 360 Trainer Cup Assorted each,$12.00,https://assets.woolworths.com.au/images/1005/428373.jpg?impolicy=wowsmkqiema&w=260&h=260
Nan COMFORT 1 Infant Formula Newborns Suitable From Birth 800g,$21.00,https://assets.woolworths.com.au/images/1005/155539.jpg?impolicy=wowsmkqiema&w=260&h=260
Nan COMFORT 2 Follow-on Baby Formula From 6-12M 800g,$21.00,https://assets.woolworths.com.au/images/1005/155540.jpg?impolicy=wowsmkqiema&w=260&h=260
Nan COMFORT 3 Toddler Milk Drink From 1 Year 800g,$23.10,https://assets.woolworths.com.au/images/1005/155541.jpg?impolicy=wowsmkqiema&w=260&h=260
Nan EXPERTpro Lactose Intolerance Baby Formula From 0-12M 400g,$16.40,https://assets.woolworths.com.au/images/1005/898447.jpg?impolicy=wowsmkqiema&w=260&h=260
Nan EXPERTpro Reflux Formula For Regurgitation From 0-12M 800g,$29.00,https://assets.woolworths.com.au/images/1005/89602.jpg?impolicy=wowsmkqiema&w=260&h=260
Nan OPTIPRO 1 Infant Formula Newborns Suitable From Birth 800g,$29.00,https://assets.woolworths.com.au/images/1005/155536.jpg?impolicy=wowsmkqiema&w=260&h=260
Nan OPTIPRO 2 Follow-on Baby Formula From 6-12M 800g,$29.00,https://assets.woolworths.com.au/images/1005/155537.jpg?impolicy=wowsmkqiema&w=260&h=260
Nan OPTIPRO 3 Toddler Milk Drink From 1 Year 800g,$27.50,https://assets.woolworths.com.au/images/1005/155538.jpg?impolicy=wowsmkqiema&w=260&h=260
Nan Sensitive Infant Formula 0-12 Months 800g,$35.00,https://assets.woolworths.com.au/images/1005/6080163.jpg?impolicy=wowsmkqiema&w=260&h=260
Nan Sensitive Toddler Formula From 1 Year 800g,$38.50,https://assets.woolworths.com.au/images/1005/6080162.jpg?impolicy=wowsmkqiema&w=260&h=260
Nan Supreme Pro 4 Junior Formula Powder 800g,$33.00,https://assets.woolworths.com.au/images/1005/6039171.jpg?impolicy=wowsmkqiema&w=260&h=260
Nan Supremepro 3 Premium Toddler Milk Drink 1+ Years 800g,$33.00,https://assets.woolworths.com.au/images/1005/6031102.jpg?impolicy=wowsmkqiema&w=260&h=260
Nan Supremepro Stage 1 Infant Formula From Birth 800g,$38.00,https://assets.woolworths.com.au/images/1005/6080193.jpg?impolicy=wowsmkqiema&w=260&h=260
Nan Supremepro Stage 2 Follow On Formula From 6 Months 800g,$38.00,https://assets.woolworths.com.au/images/1005/6080458.jpg?impolicy=wowsmkqiema&w=260&h=260
Nestle Cerelac Baby Cereal Oats & Wheat With Prune 6M+ 200g,$6.90,https://assets.woolworths.com.au/images/1005/61860.jpg?impolicy=wowsmkqiema&w=260&h=260
Nestle Cerelac Baby Rice Cereal 6M+ 200g,$6.90,https://assets.woolworths.com.au/images/1005/379228.jpg?impolicy=wowsmkqiema&w=260&h=260
Nestle Cerelac Infant Cereal Multigrain With Banana & Apple 200g,$6.90,https://assets.woolworths.com.au/images/1005/838881.jpg?impolicy=wowsmkqiema&w=260&h=260
New Beginnings Bamboo Nursing Pads 80 pack,$11.00,https://assets.woolworths.com.au/images/1005/292100.jpg?impolicy=wowsmkqiema&w=260&h=260
Nuby No Spill Twin Handle Cup Assorted 295mL each,$10.50,https://assets.woolworths.com.au/images/1005/325092.jpg?impolicy=wowsmkqiema&w=260&h=260
Nuby Teether Bug-A-Loop each,$12.50,https://assets.woolworths.com.au/images/1005/811199.jpg?impolicy=wowsmkqiema&w=260&h=260
Nuby Teether Keys each,$12.00,https://assets.woolworths.com.au/images/1005/262352.jpg?impolicy=wowsmkqiema&w=260&h=260
Nuby Tritan Boost Flip It 360Ml each,$15.00,https://assets.woolworths.com.au/images/1005/53053.jpg?impolicy=wowsmkqiema&w=260&h=260
Nuby Tritan Printed Flip It Cup 532Ml each,$15.00,https://assets.woolworths.com.au/images/1005/53104.jpg?impolicy=wowsmkqiema&w=260&h=260
Nuk Baby Bottle Cleanser 500mL,$13.00,https://assets.woolworths.com.au/images/1005/171246.jpg?impolicy=wowsmkqiema&w=260&h=260
Nuk First Choice Duo Bottles Temperature Control 2 pack,$22.00,https://assets.woolworths.com.au/images/1005/174466.jpg?impolicy=wowsmkqiema&w=260&h=260
Nuk First Choice Learner Bottle Temp Control 6-18M Assorted 150mL each,$15.00,https://assets.woolworths.com.au/images/1005/156308.jpg?impolicy=wowsmkqiema&w=260&h=260
NUK First Choice Night Soother Bunny & Sheep 0-6M 2 pack,$13.00,https://assets.woolworths.com.au/images/1005/6058504.jpg?impolicy=wowsmkqiema&w=260&h=260
NUK First Choice Night Soother Bunny & Sheep 18-36M 2 pack,$13.00,https://assets.woolworths.com.au/images/1005/6058679.jpg?impolicy=wowsmkqiema&w=260&h=260
NUK First Choice Night Soother Bunny & Sheep 6-18M 2 pack,$13.00,https://assets.woolworths.com.au/images/1005/6058377.jpg?impolicy=wowsmkqiema&w=260&h=260
NUK First Choice Night Soother Hippo & Koala 0-6M 2 pack,$13.00,https://assets.woolworths.com.au/images/1005/6058492.jpg?impolicy=wowsmkqiema&w=260&h=260
NUK First Choice Night Soother Hippo & Koala 18-36M 2 pack,$13.00,https://assets.woolworths.com.au/images/1005/6058700.jpg?impolicy=wowsmkqiema&w=260&h=260
NUK First Choice Night Soother Hippo & Koala 6-18M 2 pack,$13.00,https://assets.woolworths.com.au/images/1005/6058398.jpg?impolicy=wowsmkqiema&w=260&h=260
Nuk Starter Toothbrush 12+ Months each,$5.00,https://assets.woolworths.com.au/images/1005/573708.jpg?impolicy=wowsmkqiema&w=260&h=260
Nuk Temperatrue Control Bottle 0-6M Assorted each,$13.00,https://assets.woolworths.com.au/images/1005/96124.jpg?impolicy=wowsmkqiema&w=260&h=260
Nuovo Vita Early Detect & Reassure Pregnancy Test 3 pack,$14.00,https://assets.woolworths.com.au/images/1005/6058399.jpg?impolicy=wowsmkqiema&w=260&h=260
Nvita Pregnancy Hcg Test Kit 3 pack,$10.00,https://assets.woolworths.com.au/images/1005/136788.jpg?impolicy=wowsmkqiema&w=260&h=260
Oli6 Goat Milk Follow On Formula Stage 2 6-12 Months 800g,$39.50,https://assets.woolworths.com.au/images/1005/223104.jpg?impolicy=wowsmkqiema&w=260&h=260
Oli6 Goat Milk Infant Formula Stage 1 0-6 Months 800g,$39.50,https://assets.woolworths.com.au/images/1005/223214.jpg?impolicy=wowsmkqiema&w=260&h=260
Oli6 Goat Milk Toddler Drink Stage 3 From 1 Year 800g,$43.45,https://assets.woolworths.com.au/images/1005/222380.jpg?impolicy=wowsmkqiema&w=260&h=260
Only Organic 4 Months+ Apple Peach & Apricot 120g,$2.30,https://assets.woolworths.com.au/images/1005/322266.jpg?impolicy=wowsmkqiema&w=260&h=260
Only Organic 4 Months+ Banana & Apple 120g,$2.30,https://assets.woolworths.com.au/images/1005/322268.jpg?impolicy=wowsmkqiema&w=260&h=260
Only Organic 6 Months+ Apple Banana & Mango 120g,$2.30,https://assets.woolworths.com.au/images/1005/333288.jpg?impolicy=wowsmkqiema&w=260&h=260
Only Organic 6 Months+ Banana Blueberry & Quinoa 120g,$2.30,https://assets.woolworths.com.au/images/1005/765211.jpg?impolicy=wowsmkqiema&w=260&h=260
Only Organic 8 Months+ Banana Raspberry & Vanilla 120g,$2.30,https://assets.woolworths.com.au/images/1005/333290.jpg?impolicy=wowsmkqiema&w=260&h=260
Only Organic 8 Months+ Carrot Red Lentils & Cheddar 120g,$2.30,https://assets.woolworths.com.au/images/1005/710425.jpg?impolicy=wowsmkqiema&w=260&h=260
Only Organic 8 Months+ Mango & Yoghurt Brekkie 120g,$2.30,https://assets.woolworths.com.au/images/1005/372450.jpg?impolicy=wowsmkqiema&w=260&h=260
Only Organic Apple Blueberry Blackberry & Oats 120g,$2.30,https://assets.woolworths.com.au/images/1005/203454.jpg?impolicy=wowsmkqiema&w=260&h=260
Only Organic Apple Coconut & Flaxseed Biscuits 100g,$5.00,https://assets.woolworths.com.au/images/1005/276767.jpg?impolicy=wowsmkqiema&w=260&h=260
Only Organic Baby Biscuits Pear Cinnamon & Oat 100g,$5.00,https://assets.woolworths.com.au/images/1005/6041918.jpg?impolicy=wowsmkqiema&w=260&h=260
Only Organic Banana Berries Yoghurt 120g,$2.30,https://assets.woolworths.com.au/images/1005/372444.jpg?impolicy=wowsmkqiema&w=260&h=260
Only Organic Banana Biscotti 100g,$5.00,https://assets.woolworths.com.au/images/1005/839605.jpg?impolicy=wowsmkqiema&w=260&h=260
Only Organic Beef Bolognese 220g,$3.85,https://assets.woolworths.com.au/images/1005/933166.jpg?impolicy=wowsmkqiema&w=260&h=260
Only Organic Beef Capsicum Cheese & Brown Rice 220g,$3.85,https://assets.woolworths.com.au/images/1005/483668.jpg?impolicy=wowsmkqiema&w=260&h=260
Only Organic Blueberry & Apple Rice Cakes 35g,$4.00,https://assets.woolworths.com.au/images/1005/905270.jpg?impolicy=wowsmkqiema&w=260&h=260
Only Organic Blueberry Banana & Vanilla Oat Milk 100g,$2.85,https://assets.woolworths.com.au/images/1005/278392.jpg?impolicy=wowsmkqiema&w=260&h=260
Only Organic Cauliflower Broccoli & Cheddar 120g,$2.30,https://assets.woolworths.com.au/images/1005/710460.jpg?impolicy=wowsmkqiema&w=260&h=260
Only Organic Chicken Bolognese 170g,$3.15,https://assets.woolworths.com.au/images/1005/681967.jpg?impolicy=wowsmkqiema&w=260&h=260
Only Organic Chicken Sweetcorn & Brown Rice 6+ Months 120g,$2.30,https://assets.woolworths.com.au/images/1005/132385.jpg?impolicy=wowsmkqiema&w=260&h=260
Only Organic Chicken Vegetables & Star Pasta 170g,$3.15,https://assets.woolworths.com.au/images/1005/133046.jpg?impolicy=wowsmkqiema&w=260&h=260
Only Organic Coconut Banana Acai 100g,$2.85,https://assets.woolworths.com.au/images/1005/933164.jpg?impolicy=wowsmkqiema&w=260&h=260
Only Organic Food Rice Cakes Snack Strawberry Yoghurt 60g,$5.00,https://assets.woolworths.com.au/images/1005/710451.jpg?impolicy=wowsmkqiema&w=260&h=260
Only Organic Macaroni Cheese 220g,$3.85,https://assets.woolworths.com.au/images/1005/934475.jpg?impolicy=wowsmkqiema&w=260&h=260
Only Organic Mango Chicken & Coconut Rice 170g,$3.15,https://assets.woolworths.com.au/images/1005/682039.jpg?impolicy=wowsmkqiema&w=260&h=260
Only Organic Mango Coconut & Quinoa 120g,$2.30,https://assets.woolworths.com.au/images/1005/53366.jpg?impolicy=wowsmkqiema&w=260&h=260
Only Organic Melty Corn Sticks Banana & Mango 15g,$2.50,https://assets.woolworths.com.au/images/1005/905507.jpg?impolicy=wowsmkqiema&w=260&h=260
Only Organic Melty Corn Sticks Strawberry & Blueberry 15g,$2.50,https://assets.woolworths.com.au/images/1005/905815.jpg?impolicy=wowsmkqiema&w=260&h=260
Only Organic Oat Bars Banana & Raisin 6 pack,$5.50,https://assets.woolworths.com.au/images/1005/226074.jpg?impolicy=wowsmkqiema&w=260&h=260
Only Organic Pasta Bolognese 170g,$3.15,https://assets.woolworths.com.au/images/1005/660268.jpg?impolicy=wowsmkqiema&w=260&h=260
Only Organic Pear & Mango Super Smooth 4+ Months 120g,$2.30,https://assets.woolworths.com.au/images/1005/372443.jpg?impolicy=wowsmkqiema&w=260&h=260
Only Organic Pear Banana & Apple 120g,$2.30,https://assets.woolworths.com.au/images/1005/333289.jpg?impolicy=wowsmkqiema&w=260&h=260
Only Organic Pear Gold Kiwifruit & Oats with Prebiotics 8+ Months 120g,$2.30,https://assets.woolworths.com.au/images/1005/223937.jpg?impolicy=wowsmkqiema&w=260&h=260
Only Organic Pumpkin & Sweet Potato 120g,$2.30,https://assets.woolworths.com.au/images/1005/6043949.jpg?impolicy=wowsmkqiema&w=260&h=260
Only Organic Pumpkin Potato & Beef 8+ Months 170g,$3.15,https://assets.woolworths.com.au/images/1005/659823.jpg?impolicy=wowsmkqiema&w=260&h=260
Only Organic Raspberry Date Oat Milk & Goji 100g,$2.85,https://assets.woolworths.com.au/images/1005/485307.jpg?impolicy=wowsmkqiema&w=260&h=260
Only Organic Rice Cakes Carrot & Apple 35g,$4.00,https://assets.woolworths.com.au/images/1005/905271.jpg?impolicy=wowsmkqiema&w=260&h=260
Only Organic Snack Bandits Melties Summer Berries 15g,$5.00,https://assets.woolworths.com.au/images/1005/6022482.jpg?impolicy=wowsmkqiema&w=260&h=260
Only Organic Strawberry & Apple Oat Bars With Wholegrains 6 pack,$5.50,https://assets.woolworths.com.au/images/1005/226828.jpg?impolicy=wowsmkqiema&w=260&h=260
Only Organic Strawberry Vanilla & Spelt Biscuits 100g,$5.00,https://assets.woolworths.com.au/images/1005/498411.jpg?impolicy=wowsmkqiema&w=260&h=260
Only Organic Sweet Pot Lamb & Couscous 170g,$3.15,https://assets.woolworths.com.au/images/1005/53365.jpg?impolicy=wowsmkqiema&w=260&h=260
Only Organic Wild Rice Risotto Spring Lamb 120g,$2.30,https://assets.woolworths.com.au/images/1005/710423.jpg?impolicy=wowsmkqiema&w=260&h=260
Only Organic Yoghurt Rice Cakes 60g,$5.00,https://assets.woolworths.com.au/images/1005/333233.jpg?impolicy=wowsmkqiema&w=260&h=260
Philips Avent 330mL Bottle each,$12.00,https://assets.woolworths.com.au/images/1005/886895.jpg?impolicy=wowsmkqiema&w=260&h=260
Philips Avent Anti Colic Baby Bottle Teats 3 Month+ 2 pack,$12.00,https://assets.woolworths.com.au/images/1005/309433.jpg?impolicy=wowsmkqiema&w=260&h=260
Philips Avent Ultra Air Nighttime Soother 18m+ 2 pack,$11.95,https://assets.woolworths.com.au/images/1005/293008.jpg?impolicy=wowsmkqiema&w=260&h=260
Philips Avent Ultra Air Soother 0-6M Assorted 2 pack,$12.00,https://assets.woolworths.com.au/images/1005/231999.jpg?impolicy=wowsmkqiema&w=260&h=260
Philips Avent Ultra Air Soother 18+M Assorted 2 pack,$12.00,https://assets.woolworths.com.au/images/1005/758687.jpg?impolicy=wowsmkqiema&w=260&h=260
Philips Avent Ultra Air Soother 6-18M Assorted 2 pack,$11.20,https://assets.woolworths.com.au/images/1005/350139.jpg?impolicy=wowsmkqiema&w=260&h=260
Playgro Activity Rattle each,$9.60,https://assets.woolworths.com.au/images/1005/625698.jpg?impolicy=wowsmkqiema&w=260&h=260
Playgro Grooming Nail Care Set each,$7.60,https://assets.woolworths.com.au/images/1005/262359.jpg?impolicy=wowsmkqiema&w=260&h=260
Playgro Jerry Giraffe Water Teether each,$6.30,https://assets.woolworths.com.au/images/1005/554624.jpg?impolicy=wowsmkqiema&w=260&h=260
Playgro Little Hands Rattle Purse Assorted each,$7.60,https://assets.woolworths.com.au/images/1005/291954.jpg?impolicy=wowsmkqiema&w=260&h=260
Playgro Under The Sea Squirtees each,$8.00,https://assets.woolworths.com.au/images/1005/221854.jpg?impolicy=wowsmkqiema&w=260&h=260
QV Baby Bath Oil 500mL,$14.80,https://assets.woolworths.com.au/images/1005/348048.jpg?impolicy=wowsmkqiema&w=260&h=260
QV Baby Gentle Wash 250g,$13.50,https://assets.woolworths.com.au/images/1005/353037.jpg?impolicy=wowsmkqiema&w=260&h=260
QV Baby Gentle Wash 500g,$16.40,https://assets.woolworths.com.au/images/1005/349151.jpg?impolicy=wowsmkqiema&w=260&h=260
QV Baby Moisturising Cream 500g,$20.80,https://assets.woolworths.com.au/images/1005/353038.jpg?impolicy=wowsmkqiema&w=260&h=260
QV Moisturising Cream For Baby 250g,$18.50,https://assets.woolworths.com.au/images/1005/349191.jpg?impolicy=wowsmkqiema&w=260&h=260
Rafferty's Garden Apple & Raspberry Snack Bars Bars With Fruit 12+ Months 8 pack,$5.50,https://assets.woolworths.com.au/images/1005/498472.jpg?impolicy=wowsmkqiema&w=260&h=260
Rafferty's Garden Apple Puree & Nothing Else Baby Food Pouch 4+ Months 120g,$1.90,https://assets.woolworths.com.au/images/1005/633987.jpg?impolicy=wowsmkqiema&w=260&h=260
Rafferty's Garden Apple Snack Bars With Real Fruit 12+ Months 8 pack,$5.50,https://assets.woolworths.com.au/images/1005/335208.jpg?impolicy=wowsmkqiema&w=260&h=260
Rafferty's Garden Baby Food Pouch Apple Banana & Peach 4+ Months 120g,$1.90,https://assets.woolworths.com.au/images/1005/709557.jpg?impolicy=wowsmkqiema&w=260&h=260
Rafferty's Garden Baby Food Pouch Apple Pear & Cinnamon 4+ Months 120g,$1.90,https://assets.woolworths.com.au/images/1005/291279.jpg?impolicy=wowsmkqiema&w=260&h=260
Rafferty's Garden Baby Food Pouch Apple Pear & Cinnamon Porridge 6+ Months 120g,$1.90,https://assets.woolworths.com.au/images/1005/498493.jpg?impolicy=wowsmkqiema&w=260&h=260
Rafferty's Garden Baby Food Pouch Beef & Veg Italian Lasagne 10+ Months 170g,$2.80,https://assets.woolworths.com.au/images/1005/345376.jpg?impolicy=wowsmkqiema&w=260&h=260
Rafferty's Garden Baby Food Pouch Beef Bolognese & Macaroni 10+ Months 170g,$2.80,https://assets.woolworths.com.au/images/1005/291183.jpg?impolicy=wowsmkqiema&w=260&h=260
Rafferty's Garden Baby Food Pouch Beef Sweet Potato & Parsnip 6+ Months 120g,$1.90,https://assets.woolworths.com.au/images/1005/63912.jpg?impolicy=wowsmkqiema&w=260&h=260
Rafferty's Garden Baby Food Pouch Blueberries Banana & Apple 4+ Months 120g,$1.90,https://assets.woolworths.com.au/images/1005/291277.jpg?impolicy=wowsmkqiema&w=260&h=260
Rafferty's Garden Baby Food Pouch Chicken Vegetables & Rice 6+ Months 120g,$1.90,https://assets.woolworths.com.au/images/1005/63917.jpg?impolicy=wowsmkqiema&w=260&h=260
Rafferty's Garden Baby Food Pouch Chickpea Corn & Carrot 8+ Months 120g,$1.90,https://assets.woolworths.com.au/images/1005/63892.jpg?impolicy=wowsmkqiema&w=260&h=260
Rafferty's Garden Baby Food Pouch Chocolate Custard 6+ Months 120g,$1.90,https://assets.woolworths.com.au/images/1005/315435.jpg?impolicy=wowsmkqiema&w=260&h=260
Rafferty's Garden Baby Food Pouch Pear & Apricot & Nothing Else 4+ Months 120g,$1.90,https://assets.woolworths.com.au/images/1005/334528.jpg?impolicy=wowsmkqiema&w=260&h=260
Rafferty's Garden Baby Food Pouch Pear & Prune & Nothing Else 4+ Months 120g,$1.90,https://assets.woolworths.com.au/images/1005/64807.jpg?impolicy=wowsmkqiema&w=260&h=260
Rafferty's Garden Baby Food Pouch Pear & Superberries 4+ Months 120g,$1.90,https://assets.woolworths.com.au/images/1005/709604.jpg?impolicy=wowsmkqiema&w=260&h=260
Rafferty's Garden Baby Food Pouch Pumpkin & Spinach Pasta Bake 6+ Months 120g,$1.90,https://assets.woolworths.com.au/images/1005/92211.jpg?impolicy=wowsmkqiema&w=260&h=260
Rafferty's Garden Baby Food Pouch Pumpkin Apple & Sweetcorn 4+ Months 120g,$1.90,https://assets.woolworths.com.au/images/1005/291188.jpg?impolicy=wowsmkqiema&w=260&h=260
Rafferty's Garden Baby Food Pouch Spinach Apple Broccoli & Pea 4+ Months 120g,$1.90,https://assets.woolworths.com.au/images/1005/291193.jpg?impolicy=wowsmkqiema&w=260&h=260
Rafferty's Garden Baby Food Pouch Summer Fruits & Quinoa 6+ Months 120g,$1.90,https://assets.woolworths.com.au/images/1005/117036.jpg?impolicy=wowsmkqiema&w=260&h=260
Rafferty's Garden Baby Food Pouch Sweet Potato Carrot & Apple 4+ Months 120g,$1.90,https://assets.woolworths.com.au/images/1005/291187.jpg?impolicy=wowsmkqiema&w=260&h=260
Rafferty's Garden Baby Food Pouch Vanilla Custard 6+ Months 120g,$1.90,https://assets.woolworths.com.au/images/1005/742732.jpg?impolicy=wowsmkqiema&w=260&h=260
Rafferty's Garden Banana & Mango Custard Baby Food Pouch Dessert 6+ Months 120g,$1.90,https://assets.woolworths.com.au/images/1005/226222.jpg?impolicy=wowsmkqiema&w=260&h=260
Rafferty's Garden Banana & Mango Puffed Bars With Yoghurt Drizzle 1-5Y 6 pack,$5.50,https://assets.woolworths.com.au/images/1005/6082847.jpg?impolicy=wowsmkqiema&w=260&h=260
Rafferty's Garden Banana Pear & Mango Baby Food Puree Pouch 4+ Months 120g,$1.90,https://assets.woolworths.com.au/images/1005/291278.jpg?impolicy=wowsmkqiema&w=260&h=260
Rafferty's Garden Banana Pear & Mango Porridge Baby Food Pouch 6+ Months 120g,$1.90,https://assets.woolworths.com.au/images/1005/498490.jpg?impolicy=wowsmkqiema&w=260&h=260
Rafferty's Garden Banana Snack Bars With Real Fruit 12+ Months 8 pack,$5.50,https://assets.woolworths.com.au/images/1005/335206.jpg?impolicy=wowsmkqiema&w=260&h=260
Rafferty's Garden Blueberry & Banana Custard Baby Food Pouch 6+ Months 120g,$1.90,https://assets.woolworths.com.au/images/1005/306619.jpg?impolicy=wowsmkqiema&w=260&h=260
Rafferty's Garden Blueberry & Banana Snack Bars With Real Fruit 12+ Months 8 pack,$5.50,https://assets.woolworths.com.au/images/1005/789941.jpg?impolicy=wowsmkqiema&w=260&h=260
Rafferty's Garden Blueberry Banana & Pear Pouch Yoghurt Brekkie Baby Food 120g,$1.90,https://assets.woolworths.com.au/images/1005/307147.jpg?impolicy=wowsmkqiema&w=260&h=260
Rafferty's Garden Brown Rice Bean & Pumpkin Baby Food Pouch 8+ Months 120g,$1.90,https://assets.woolworths.com.au/images/1005/63867.jpg?impolicy=wowsmkqiema&w=260&h=260
Rafferty's Garden Chicken & Sweetcorn Risotto 170g,$2.80,https://assets.woolworths.com.au/images/1005/909364.jpg?impolicy=wowsmkqiema&w=260&h=260
Rafferty's Garden Chicken & Vegetable Paella 200g,$2.50,https://assets.woolworths.com.au/images/1005/906453.jpg?impolicy=wowsmkqiema&w=260&h=260
Rafferty's Garden Happy Tummies Apple & Strawberry Puffed Rice Bars 6 pack,$5.50,https://assets.woolworths.com.au/images/1005/6022248.jpg?impolicy=wowsmkqiema&w=260&h=260
Rafferty's Garden Happy Tummies Blueberry Puffed Rice Bars 6 pack,$5.50,https://assets.woolworths.com.au/images/1005/6022776.jpg?impolicy=wowsmkqiema&w=260&h=260
Rafferty's Garden Happy Tummies Food Pouch Banana Prune & Oats 120g,$2.00,https://assets.woolworths.com.au/images/1005/6023268.jpg?impolicy=wowsmkqiema&w=260&h=260
Rafferty's Garden Happy Tummies Star Puffs Pear & Mango 12g,$1.80,https://assets.woolworths.com.au/images/1005/6023762.jpg?impolicy=wowsmkqiema&w=260&h=260
Rafferty's Garden Immunity Star Puffs Blueberry 12g,$1.80,https://assets.woolworths.com.au/images/1005/6023531.jpg?impolicy=wowsmkqiema&w=260&h=260
Rafferty's Garden Lamb Vegetables & Couscous 200g,$2.50,https://assets.woolworths.com.au/images/1005/909265.jpg?impolicy=wowsmkqiema&w=260&h=260
Rafferty's Garden Little Smoothies Baby Food Coconut Mango Passionfruit 120g,$2.00,https://assets.woolworths.com.au/images/1005/6024880.jpg?impolicy=wowsmkqiema&w=260&h=260
Rafferty's Garden Little Smoothies Coconut Berry 120g,$2.00,https://assets.woolworths.com.au/images/1005/642849.jpg?impolicy=wowsmkqiema&w=260&h=260
Rafferty's Garden Little Smoothies Coconut Cacao 120g,$2.00,https://assets.woolworths.com.au/images/1005/642959.jpg?impolicy=wowsmkqiema&w=260&h=260
Rafferty's Garden Mango & Chia Pressed Bar 6 pack,$5.00,https://assets.woolworths.com.au/images/1005/6022625.jpg?impolicy=wowsmkqiema&w=260&h=260
Rafferty's Garden Mango & Vanilla Yoghurt Brekkie Pouch 120g,$1.90,https://assets.woolworths.com.au/images/1005/908229.jpg?impolicy=wowsmkqiema&w=260&h=260
Rafferty's Garden Mini Yoghurt Drops Banana 8g,$2.50,https://assets.woolworths.com.au/images/1005/104243.jpg?impolicy=wowsmkqiema&w=260&h=260
Rafferty's Garden Mini Yoghurt Drops Raspberry & Blackberry 8g,$2.50,https://assets.woolworths.com.au/images/1005/104077.jpg?impolicy=wowsmkqiema&w=260&h=260
Rafferty's Garden Nurture Immunity Strawberry Apple Chia 12m+ 120g,$2.00,https://assets.woolworths.com.au/images/1005/6082285.jpg?impolicy=wowsmkqiema&w=260&h=260
Rafferty's Garden Nuture Immunity Food Pouch Berries Pear & Oats 12M+ 120g,$2.00,https://assets.woolworths.com.au/images/1005/6023146.jpg?impolicy=wowsmkqiema&w=260&h=260
Rafferty's Garden Peach Puffed Bars With Yoghurt Drizzle 1-5Y 6 pack,$5.50,https://assets.woolworths.com.au/images/1005/6083080.jpg?impolicy=wowsmkqiema&w=260&h=260
Rafferty's Garden Pear Puree & Nothing Else Baby Food Pouch 4+ Months 120g,$1.90,https://assets.woolworths.com.au/images/1005/633988.jpg?impolicy=wowsmkqiema&w=260&h=260
Rafferty's Garden Porridge Banana & Vanilla 12m+ 200g,$4.80,https://assets.woolworths.com.au/images/1005/6082870.jpg?impolicy=wowsmkqiema&w=260&h=260
Rafferty's Garden Porridge Mixed Berry 12m+ 200g,$4.80,https://assets.woolworths.com.au/images/1005/6082411.jpg?impolicy=wowsmkqiema&w=260&h=260
Rafferty's Garden Rice Cereal Pear Banana & Milk 120g,$1.90,https://assets.woolworths.com.au/images/1005/345604.jpg?impolicy=wowsmkqiema&w=260&h=260
Rafferty's Garden Smiley Puffs Banana 30g,$3.00,https://assets.woolworths.com.au/images/1005/6023799.jpg?impolicy=wowsmkqiema&w=260&h=260
Rafferty's Garden Smiley Puffs Strawberry 30g,$3.00,https://assets.woolworths.com.au/images/1005/6023392.jpg?impolicy=wowsmkqiema&w=260&h=260
Rafferty's Garden Start Smart Baby Food Pouch Banana Blueberry & Spinach 120g,$2.00,https://assets.woolworths.com.au/images/1005/6023123.jpg?impolicy=wowsmkqiema&w=260&h=260
Rafferty's Garden Strawberry & Chia Pressed Bars 6 pack,$5.00,https://assets.woolworths.com.au/images/1005/910760.jpg?impolicy=wowsmkqiema&w=260&h=260
Rafferty's Garden Strawberry & Chia Yoghurt Brekkie Baby Food 8+ Months 120g,$1.90,https://assets.woolworths.com.au/images/1005/225747.jpg?impolicy=wowsmkqiema&w=260&h=260
Rafferty's Garden Strawberry & Vanilla Custard Baby Food Pouch 6+ Months 120g,$1.90,https://assets.woolworths.com.au/images/1005/309249.jpg?impolicy=wowsmkqiema&w=260&h=260
Rafferty's Garden Tomato & Parmesan Macaroni 170g,$2.80,https://assets.woolworths.com.au/images/1005/909050.jpg?impolicy=wowsmkqiema&w=260&h=260
Rafferty's Garden Vegetable Bolognese 200g,$2.50,https://assets.woolworths.com.au/images/1005/909087.jpg?impolicy=wowsmkqiema&w=260&h=260
Rafferty's Garden Yoghurt Buttons Mixed Berry 10+ Months 28g,$6.00,https://assets.woolworths.com.au/images/1005/363525.jpg?impolicy=wowsmkqiema&w=260&h=260
Rafferty's Garden Yoghurt Buttons Strawberry 10+ Months 28g,$6.00,https://assets.woolworths.com.au/images/1005/720545.jpg?impolicy=wowsmkqiema&w=260&h=260
Reversible Plush Assorted each,$7.20,https://assets.woolworths.com.au/images/1005/913250.jpg?impolicy=wowsmkqiema&w=260&h=260
Rite Aid Baby Nail Trimmer each,$25.00,https://assets.woolworths.com.au/images/1005/16849.jpg?impolicy=wowsmkqiema&w=260&h=260
Rite Aid Breast Discs Hydrogel 12 pack,$9.00,https://assets.woolworths.com.au/images/1005/415406.jpg?impolicy=wowsmkqiema&w=260&h=260
Rite Aid Nursing Pads 40 pack,$7.50,https://assets.woolworths.com.au/images/1005/212873.jpg?impolicy=wowsmkqiema&w=260&h=260
Snacktacular Fruit Melts Banana & Blueberry 8g,$1.70,https://assets.woolworths.com.au/images/1005/305108.jpg?impolicy=wowsmkqiema&w=260&h=260
Snacktacular Fruit Melts Banana & Strawberry 8g,$1.70,https://assets.woolworths.com.au/images/1005/304350.jpg?impolicy=wowsmkqiema&w=260&h=260
Squishmallows Plush Toy Assorted each,$6.40,https://assets.woolworths.com.au/images/1005/81628.jpg?impolicy=wowsmkqiema&w=260&h=260
Sudocrem Nappy Rash Cream 125g,$15.45,https://assets.woolworths.com.au/images/1005/140756.jpg?impolicy=wowsmkqiema&w=260&h=260
Sudocrem Nappy Rash Cream 400g,$38.60,https://assets.woolworths.com.au/images/1005/729413.jpg?impolicy=wowsmkqiema&w=260&h=260
Sudocrem Nappy Rash Cream Tube 30g,$9.00,https://assets.woolworths.com.au/images/1005/341157.jpg?impolicy=wowsmkqiema&w=260&h=260
Swisspers Baby Cotton Tips 40 pack,$3.20,https://assets.woolworths.com.au/images/1005/289333.jpg?impolicy=wowsmkqiema&w=260&h=260
Swisspers Baby Organic Cotton Pads 40 pack,$5.20,https://assets.woolworths.com.au/images/1005/289332.jpg?impolicy=wowsmkqiema&w=260&h=260
Take & Toss Sippy Cups Neon 4 pack,$7.50,https://assets.woolworths.com.au/images/1005/592739.jpg?impolicy=wowsmkqiema&w=260&h=260
Take & Toss Toddler Cutlery Set Neon 16 pack,$7.50,https://assets.woolworths.com.au/images/1005/592756.jpg?impolicy=wowsmkqiema&w=260&h=260
Thankyou. Thick & Soft Baby Wipes 80 x 3 pack,$14.00,https://assets.woolworths.com.au/images/1005/95768.jpg?impolicy=wowsmkqiema&w=260&h=260
Thankyou. Thick Baby Wipes 80 pack,$6.00,https://assets.woolworths.com.au/images/1005/499135.jpg?impolicy=wowsmkqiema&w=260&h=260
Tommee Tippee Active Spout Toddler Cup 12M+ Assorted each,$8.40,https://assets.woolworths.com.au/images/1005/6006939.jpg?impolicy=wowsmkqiema&w=260&h=260
Tommee Tippee Big Kids First Cutlery Set each,$6.10,https://assets.woolworths.com.au/images/1005/155859.jpg?impolicy=wowsmkqiema&w=260&h=260
Tommee Tippee Bottles Large 3 Months + 2 pack,$17.70,https://assets.woolworths.com.au/images/1005/615981.jpg?impolicy=wowsmkqiema&w=260&h=260
Tommee Tippee Classic Start Baby Bottle 0M+ 250mL Assorted each,$6.00,https://assets.woolworths.com.au/images/1005/6018747.jpg?impolicy=wowsmkqiema&w=260&h=260
Tommee Tippee Classic Start Baby Bottle 0M+ 250mL x 3 pack,$12.00,https://assets.woolworths.com.au/images/1005/6018748.jpg?impolicy=wowsmkqiema&w=260&h=260
Tommee Tippee Classic Start Teats Medium Flow 3M+ 2 pack,$7.80,https://assets.woolworths.com.au/images/1005/6018746.jpg?impolicy=wowsmkqiema&w=260&h=260
Tommee Tippee Everyday Favourites Glow In The Dark Soother 18-36M 2 pack,$9.00,https://assets.woolworths.com.au/images/1005/6058753.jpg?impolicy=wowsmkqiema&w=260&h=260
Tommee Tippee Everyday Favourites Glow In The Dark Soother 6-18M 2 pack,$9.00,https://assets.woolworths.com.au/images/1005/6059071.jpg?impolicy=wowsmkqiema&w=260&h=260
Tommee Tippee Everyday Favourites Ultimate Fit Soother 6-18M 2 pack,$7.80,https://assets.woolworths.com.au/images/1005/6059089.jpg?impolicy=wowsmkqiema&w=260&h=260
Tommee Tippee Feeding Spoons 5 pack,$5.50,https://assets.woolworths.com.au/images/1005/155858.jpg?impolicy=wowsmkqiema&w=260&h=260
Tommee Tippee Natural Latex Soother 0-6M Assorted 2 pack,$9.00,https://assets.woolworths.com.au/images/1005/6057779.jpg?impolicy=wowsmkqiema&w=260&h=260
Tommee Tippee Natural Latex Soother 18-36M Assorted 2 pack,$9.00,https://assets.woolworths.com.au/images/1005/6057363.jpg?impolicy=wowsmkqiema&w=260&h=260
Tommee Tippee Natural Latex Soother 6-18M Assorted 2 pack,$9.00,https://assets.woolworths.com.au/images/1005/6057481.jpg?impolicy=wowsmkqiema&w=260&h=260
Tommee Tippee Natural Start Baby Bottle 0+M 260mL each,$9.60,https://assets.woolworths.com.au/images/1005/615738.jpg?impolicy=wowsmkqiema&w=260&h=260
Tommee Tippee Natural Start Baby Bottle 0+M 260mL x 2 pack,$17.40,https://assets.woolworths.com.au/images/1005/6058777.jpg?impolicy=wowsmkqiema&w=260&h=260
Tommee Tippee Natural Start Baby Bottles 0+M 260mL 3 pack,$21.00,https://assets.woolworths.com.au/images/1005/615980.jpg?impolicy=wowsmkqiema&w=260&h=260
Tommee Tippee Natural Start Fast Flow Teats 2 pack,$7.80,https://assets.woolworths.com.au/images/1005/615459.jpg?impolicy=wowsmkqiema&w=260&h=260
Tommee Tippee Natural Start Medium Flow Teats 2 pack,$7.80,https://assets.woolworths.com.au/images/1005/615450.jpg?impolicy=wowsmkqiema&w=260&h=260
Tommee Tippee Night Glow Silicone Soother 0-6M Assorted 2 pack,$9.00,https://assets.woolworths.com.au/images/1005/6057337.jpg?impolicy=wowsmkqiema&w=260&h=260
Tommee Tippee Night Glow Silicone Soother 18-36M Assorted 2 pack,$9.00,https://assets.woolworths.com.au/images/1005/6057774.jpg?impolicy=wowsmkqiema&w=260&h=260
Tommee Tippee On The Go Straw Toddler Bottle 18M+ Assorted each,$10.20,https://assets.woolworths.com.au/images/1005/6007068.jpg?impolicy=wowsmkqiema&w=260&h=260
Tommee Tippee Softeechew Teething Toy each,$6.00,https://assets.woolworths.com.au/images/1005/564303.jpg?impolicy=wowsmkqiema&w=260&h=260
Tommee Tippee Starter Spout Infant Cup 4M+ Assorted each,$7.20,https://assets.woolworths.com.au/images/1005/6007060.jpg?impolicy=wowsmkqiema&w=260&h=260
Tommee Tippee Trainer Straw Infant Cup 6M+ Assorted each,$9.00,https://assets.woolworths.com.au/images/1005/6007791.jpg?impolicy=wowsmkqiema&w=260&h=260
Tommee Tippee Ultra Light Silicone Soother 0-6M Assorted 2 pack,$15.00,https://assets.woolworths.com.au/images/1005/6007039.jpg?impolicy=wowsmkqiema&w=260&h=260
Tommee Tippee Ultra Light Silicone Soother Night 0-6M Assorted 2 pack,$15.00,https://assets.woolworths.com.au/images/1005/6007049.jpg?impolicy=wowsmkqiema&w=260&h=260
Tommee Tippee Ultra Light Silicone Soother Night Glow 6-18M Assorted 2 pack,$15.00,https://assets.woolworths.com.au/images/1005/6007253.jpg?impolicy=wowsmkqiema&w=260&h=260
Tommee Tippee Ultra Light Silicone Soother Stay Put 18-36M Assorted 2 pack,$15.00,https://assets.woolworths.com.au/images/1005/6007413.jpg?impolicy=wowsmkqiema&w=260&h=260
Tommee Tippee Ultra Light Silicone Soother Stay Put 6-18M Assorted 2 pack,$15.00,https://assets.woolworths.com.au/images/1005/6007792.jpg?impolicy=wowsmkqiema&w=260&h=260
Tommee Tippee Ultra Light Soothers Night Glow 18-36M Assorted 2 pack,$15.00,https://assets.woolworths.com.au/images/1005/6007556.jpg?impolicy=wowsmkqiema&w=260&h=260
Tooshies Baby Wipes Aloe Vera & Chamomile 280 pack,$18.50,https://assets.woolworths.com.au/images/1005/156877.jpg?impolicy=wowsmkqiema&w=260&h=260
Tooshies Baby Wipes Aloe Vera & Chamomile 70 pack,$5.50,https://assets.woolworths.com.au/images/1005/576166.jpg?impolicy=wowsmkqiema&w=260&h=260
Tooshies Pure Water Baby Wipes Value 280 pack,$18.50,https://assets.woolworths.com.au/images/1005/938239.jpg?impolicy=wowsmkqiema&w=260&h=260
Underworks Baby Cotton Crew Socks Assorted 4 pack,$7.00,https://assets.woolworths.com.au/images/1005/675834.jpg?impolicy=wowsmkqiema&w=260&h=260
Underworks Baby Cotton Ribbed Crew Socks Assorted 4 pack,$7.00,https://assets.woolworths.com.au/images/1005/6004565.jpg?impolicy=wowsmkqiema&w=260&h=260
Underworks Baby Patterned Cotton Crew Socks Assorted 4 pack,$7.00,https://assets.woolworths.com.au/images/1005/28413.jpg?impolicy=wowsmkqiema&w=260&h=260
Underworks Baby Plain Cotton Crew Pink/Grey Assorted 4 pack,$7.00,https://assets.woolworths.com.au/images/1005/113434.jpg?impolicy=wowsmkqiema&w=260&h=260
Underworks Baby Plain Cotton Crew Socks Blue/Brown Assorted 4 pack,$7.00,https://assets.woolworths.com.au/images/1005/6004872.jpg?impolicy=wowsmkqiema&w=260&h=260
Very Beary Toy Assorted each,$8.00,https://assets.woolworths.com.au/images/1005/6013437.jpg?impolicy=wowsmkqiema&w=260&h=260
Vicks Baby Balsam 100g,$12.70,https://assets.woolworths.com.au/images/1005/91549.jpg?impolicy=wowsmkqiema&w=260&h=260
WaterWipes Baby & Newborn Sensitive Wipes 180 pack,$21.50,https://assets.woolworths.com.au/images/1005/698624.jpg?impolicy=wowsmkqiema&w=260&h=260
WaterWipes Baby & Newborn Sensitive Wipes 60 pack,$5.95,https://assets.woolworths.com.au/images/1005/746640.jpg?impolicy=wowsmkqiema&w=260&h=260
WaterWipes Baby & Newborn Sensitive Wipes 9 x 60 pack,$59.00,https://assets.woolworths.com.au/images/1005/129717.jpg?impolicy=wowsmkqiema&w=260&h=260
WaterWipes Toddler & Baby Textured Sensitive Wipes 60 pack,$8.50,https://assets.woolworths.com.au/images/1005/159995.jpg?impolicy=wowsmkqiema&w=260&h=260
Whole Kids Organic Soft Cereal Biscuits - Oatmeal 120g,$4.80,https://assets.woolworths.com.au/images/1005/57509.jpg?impolicy=wowsmkqiema&w=260&h=260
Whole Kids Organic Soft Cereal Biscuits- Spelt & Apple 120g,$4.80,https://assets.woolworths.com.au/images/1005/57508.jpg?impolicy=wowsmkqiema&w=260&h=260
Whole Kids Organic Stage 2 Cereal Little Flowers Berry 40g,$4.80,https://assets.woolworths.com.au/images/1005/206810.jpg?impolicy=wowsmkqiema&w=260&h=260
Whole Kids Teething Rusk 6m+ 8 pack,$2.25,https://assets.woolworths.com.au/images/1005/6083461.jpg?impolicy=wowsmkqiema&w=260&h=260
Zak Bamboo Babyccino Cup Assorted each,$12.00,https://assets.woolworths.com.au/images/1005/566774.jpg?impolicy=wowsmkqiema&w=260&h=260
Zak Bluey Bamboo Divider Plate each,$7.00,https://assets.woolworths.com.au/images/1005/210795.jpg?impolicy=wowsmkqiema&w=260&h=260
Zak Cruiser Toddler Cup Assorted each,$20.00,https://assets.woolworths.com.au/images/1005/6005945.jpg?impolicy=wowsmkqiema&w=260&h=260
Zuru Coco Surprise Assorted each,$8.00,https://assets.woolworths.com.au/images/1005/229256.jpg?impolicy=wowsmkqiema&w=260&h=260
Little One's Baby Wipes 80 pack,$2.00,https://assets.woolworths.com.au/images/1005/961095.jpg?impolicy=wowsmkqiema&w=260&h=260
Little One's Baby Wipes 480 pack,$11.00,https://assets.woolworths.com.au/images/1005/961134.jpg?impolicy=wowsmkqiema&w=260&h=260
Millie Moon Luxury Nappies Size 1 Newborn (3-5kg) 54 pack,$17.50,https://assets.woolworths.com.au/images/1005/6007813.jpg?impolicy=wowsmkqiema&w=260&h=260
Huggies Ultra Dry Nappies Boys Size 5 (13-18kg) 32 pack,$24.00,https://assets.woolworths.com.au/images/1005/16631.jpg?impolicy=wowsmkqiema&w=260&h=260
Millie Moon Luxury Nappy Pants Size 5 (13-18kg) 50 pack,$26.00,https://assets.woolworths.com.au/images/1005/6016335.jpg?impolicy=wowsmkqiema&w=260&h=260
Huggies Ultra Dry Nappies Boys Size 4 (10-15kg) 36 pack,$24.00,https://assets.woolworths.com.au/images/1005/16614.jpg?impolicy=wowsmkqiema&w=260&h=260
Huggies Skin Protect Nappies Size 2 (4-8kg) 48 pack,$24.00,https://assets.woolworths.com.au/images/1005/673363.jpg?impolicy=wowsmkqiema&w=260&h=260
Huggies Ultra Dry Nappies Girls Size 4 (10-15kg) 36 pack,$24.00,https://assets.woolworths.com.au/images/1005/16627.jpg?impolicy=wowsmkqiema&w=260&h=260
