Coles_Name,WW_Name,Is_Match
Rafferty's Garden Raspberry & Blackberry Mini Yoghurt Drops 10  ... 8g,Rafferty's Garden Mini Yoghurt Drops Raspberry & Blackberry 8g,True
Cetaphil Baby Wash & Shampoo | 400mL,Cetaphil Baby Gentle Wash & Shampoo 400mL,True
Rafferty's Garden Apple & Raspberry Snack Bars With Real Fruit Baby Foo ... 128g,Rafferty's Garden Apple Snack Bars With Real Fruit 12+ Months 8 pack,False
Nestle Nan Comfort 3 Toddler Milk Drink From 1 Year | 800g,Nan COMFORT 3 Toddler Milk Drink From 1 Year 800g,True
Huggies Gentle Cleanse Baby Wipes Coconut Oil | 80 Pack,Huggies Glentle Cleanse Baby Wipes Coconut Oil 80 pack,True
Huggies Skin Protect Newborn Nappies Size 2 | 48 Pack,Huggies Skin Protect Nappies Size 2 (4-8kg) 48 pack,True
Rafferty's Garden Strawberry & Chia Yoghurt Brekkie No Added S ... 120g,Rafferty's Garden Strawberry & Chia Yoghurt Brekkie Baby Food 8+ Months 120g,True
DryNites Night Time Pants For Boys 4-7 Years (17-30kg) | 9 Pack,Huggies DryNites Night Pants Boy 4-7 Years (17-30kg) 9 pack,True
Babylove Sleepynights Night Time Pants 4-7 Years (18-35kg) | 9 Pack,BabyLove SleepyNights Pants 4-7 Years (18-35kg) 9 pack,True
Huggies Skin Protect Newborn Nappies Size 1 | 54 Pack,Huggies Skin Protect Newborn Nappies Size 1 (Up to 5kg) 54 pack,True
Rascals Premium Nappies Size 3 (6-11kg) | 44 Pack,Huggies Ultra Dry Nappies Boys Size 3 (6-11kg) 44 pack,False
Bunjie Baby Top To Toe Wash | 500mL,Bunjie Baby Top To Toe Wash Sensitive Probiotic Skincare 500mL,True
Cetaphil Baby Moisturising Bath & Wash | 400mL,Cetaphil Baby Moisturising Bath & Wash Delicate Skin 400mL,True
Rafferty's Garden Banana Pear & Mango Baby Food Puree Pouch 4+ Mon ... 120g,Rafferty's Garden Banana Pear & Mango Baby Food Puree Pouch 4+ Months 120g,True
WaterWipes Baby & Newborn Sensitive Wipes | 360 Pack,WaterWipes Baby & Newborn Sensitive Wipes 60 pack,False
Rafferty's Garden Apple Puree And Nothing Else Baby Food Pouch 4+  ... 120g,Rafferty's Garden Apple Puree & Nothing Else Baby Food Pouch 4+ Months 120g,True
Little Bellies Organic Strawberry Pick-up Sticks 7+ Months | 16g,Little Bellies Organic Strawberry Pick-Up Sticks 16g,True
Aptamil Gold+ 1 Baby Infant Formula From 0-6 Months | 900g,Aptamil Gold+ 1 Baby Infant Formula From Birth To 6 Months 900g,True
Kiddylicious Veggie Straws 4x12g | 48g,Kiddylicious Veggie Straws 4 pack,True
Only Organic Banana Berries & Yoghurt Brekkie Baby Food Pouch 8+  ... 120g,Only Organic Banana Berries Yoghurt 120g,True
Only Organic Pear Gold Kiwifruit & Oats Baby Food Pouch 8+ Months | 120g,Only Organic Pear Gold Kiwifruit & Oats with Prebiotics 8+ Months 120g,True
Only Organic Yoghurt Rice Cakes 1 Year+ | 60g,Only Organic Yoghurt Rice Cakes 60g,True
Rascals Premium Nappy Pants Size 6 (15-20kg) | 24 Pack,Huggies Ultra Dry Nappy Pants Boys Size 6 (15-20kg) 24 pack,False
Only Organic Apple Blueberry Blackberry Oat Prebiotics 8+ Months | 120g,Only Organic Apple Blueberry Blackberry & Oats 120g,True
Rafferty's Garden Banana Pear & Mango Porridge Baby Food Pouch 6+  ... 120g,Rafferty's Garden Banana Pear & Mango Porridge Baby Food Pouch 6+ Months 120g,True
Nestle Nan Comfort Newborn Formula Stage 1 Suitable From Birth | 800g,Nan COMFORT 1 Infant Formula Newborns Suitable From Birth 800g,True
CUB Apple Banana & Mango Porridge Baby Food Pouch 6+ Months | 120g,Rafferty's Garden Banana Pear & Mango Porridge Baby Food Pouch 6+ Months 120g,False
Huggies Ultra Dry Nappies Girls Size 6 (16kg+) | 30 Pack,Huggies Ultra Dry Nappies Boys Size 6 (16kg+) 30 pack,False
DryNites Night Time Pants For Girls 4-7 Years (17-30kg) | 9 Pack,Huggies DryNites Night Pants Boy 4-7 Years (17-30kg) 9 pack,False
Rafferty's Garden Pear Puree and Nothing Else Baby Food Pouch 4+  ... 120g,Rafferty's Garden Pear Puree & Nothing Else Baby Food Pouch 4+ Months 120g,True
Little Bellies Organic Banana Date & Oat Bars | 85g,Little Bellies Organic Banana Date & Oat Bar 5 pack,True
Rascals Premium Nappies Size 5 (13-18kg) | 32 Pack,Huggies Ultra Dry Nappies Boys Size 5 (13-18kg) 32 pack,False
Rafferty's Garden Blueberry Banana & Pear Yoghurt Brekkie Baby Food  ... 120g,Rafferty's Garden Blueberry Banana & Pear Pouch Yoghurt Brekkie Baby Food 120g,True
Rascals Premium Nappies Size 2 (4-8kg) | 48 Pack,Huggies Skin Protect Nappies Size 2 (4-8kg) 48 pack,False
Rascals Premium Nappies Size 4 (10-15kg) | 36 Pack,Huggies Ultra Dry Nappies Boys Size 4 (10-15kg) 36 pack,False
Rascals Premium Nappies Size 4 (10-15kg) | 72 Pack,Millie Moon Luxury Nappies Size 4 (10-15kg) 72 pack,False
Rascals Premium Nappy Pants Size 5 (13-18kg) | 26 Pack,Millie Moon Ms Rachel Nappy Pants Size 5 (13-18kg) 26 pack,False
Cetaphil Baby Daily Lotion With Shea Butter | 400mL,Cetaphil Baby Daily Lotion With Shea Butter Face & Body 400mL,True
Rascals Premium Nappy Pants Size 6 (15-20kg) | 46 Pack,Millie Moon Luxury Nappy Pants Size 6 (15-20kg) 46 pack,False
Rascals Premium Nappies Size 3 (6-11kg) | 88 Pack,Millie Moon Luxury Nappies Size 3 (6-11kg) 88 pack,False
Rascals Premium Nappy Pants Size 5 (13-18kg) | 50 Pack,Millie Moon Luxury Nappy Pants Size 5 (13-18kg) 50 pack,False
Only Organic Banana Blueberry & Quinoa | 120g,Only Organic 6 Months+ Banana Blueberry & Quinoa 120g,True
Rascals Premium Nappy Pants Size 7 (17+kg) | 22 Pack,Millie Moon Ms Rachel Nappy Pants Size 7 (17+kg) 22 pack,False
Only Organic Mango & Yoghurt Brekkie Baby Food Pouch 8+ Months | 120g,Only Organic 8 Months+ Mango & Yoghurt Brekkie 120g,True
Rafferty's Garden Apple Pear & Cinnamon Porridge Baby Food Pouch 6+  ... 120g,Rafferty's Garden Baby Food Pouch Apple Pear & Cinnamon Porridge 6+ Months 120g,True
Only Organic Blueberry Apple Rice Cakes 8 Months+ | 35g,Only Organic Blueberry & Apple Rice Cakes 35g,True
Heinz Apple Puree Baby Food Jar 4+ Months | 110g,Heinz Baby Food Apple Puree 4+ Months 110g,True
Heinz Apple Blueberry & Strawberry Baby Food 8+ Months | 120g,Heinz Baby Food Apple Blueberry & Strawberry 8+ Months 120g,True
Nestle NAN Comfort 2 Follow-On Baby Formula From 6-12 Months | 800g,Nan COMFORT 2 Follow-on Baby Formula From 6-12M 800g,True
Thankyou Thick & Soft Baby Wipes | 240 Pack,Thankyou. Thick & Soft Baby Wipes 80 x 3 pack,True
Rafferty's Garden Spinach Apple Broccoli & Pea And Nothing Else Baby F ... 120g,Rafferty's Garden Baby Food Pouch Spinach Apple Broccoli & Pea 4+ Months 120g,True
Little Bellies Organic Sweet Potato Pick-up Sticks 7+ Months | 16g,Little Bellies Organic Sweet Potato Pick-Up Sticks 16g,True
Heinz Smoothie Pear Berry & Oat + Greek Style Yoghurt Baby Food Pouch 8+  ... 120g,Heinz Smoothie Pear Berry Oat Greek Yoghurt Baby Food 8+ M 120g,True
Heinz Apple Strawberry & Passionfruit Baby Food Pouch 8+ Months | 120g,Heinz Baby Food Apple Strawberry & Passionfruit 8+ Months 120g,True
Rafferty's Garden Chocolate Custard 6 Months | 120g,Rafferty's Garden Baby Food Pouch Chocolate Custard 6+ Months 120g,True
Huggies Skin Protect Newborn Nappies Size 2 | 96 Pack,Huggies Skin Protect Nappies Size 2 (4-8kg) 96 pack,True
Only Organic 10 Months+ Strawberry Vanilla & Spelt Biscuits | 100g,Only Organic Strawberry Vanilla & Spelt Biscuits 100g,True
Only Organic Strawberry Yoghurt Rice Cakes 1 Years+ | 60g,Only Organic Yoghurt Rice Cakes 60g,False
Only Organic Chicken Sweetcorn & Brown Rice Baby Food Pouch 6+  ... 120g,Only Organic Chicken Sweetcorn & Brown Rice 6+ Months 120g,True
Only Organic Beef Bolognese Pasta 1-5 Years | 220g,Only Organic Beef Bolognese 220g,True
Bunjie Probiotic Baby Wipes | 80 Pack,Bunjie Probiotic Baby Wipes Fragrance & Toxin-Free 80 pack,True
Only Organic Wild Rice Risotto & Spring Lamb 6+ Months | 120g,Only Organic Wild Rice Risotto Spring Lamb 120g,True
Nestle Cerelac Infant Cereal Multigrain With Banana & Apple Baby Food | 200g,Nestle Cerelac Infant Cereal Multigrain With Banana & Apple 200g,True
Karicare 1 Gentle Nutrition Infant Formula From Birth To 6 Months | 900g,Karicare 1 Gentle Nutrition Infant Formula From 0 to 6 Months 900g,True
Rafferty's Garden Brown Rice Bean & Pumpkin Baby Food Pouch 8+ Mont ... 120g,Rafferty's Garden Brown Rice Bean & Pumpkin Baby Food Pouch 8+ Months 120g,True
CUB Baby Wash Head To Toe | 500mL,Little One's Baby Wash Head To Toe 500mL,False
Bubs Organic Grass Fed Formula Stage 1 | 800g,Bubs Organic Grass Fed Infant Formula Stage 1 800g,True
Blackmores Pregnancy + Breastfeeding Gold Capsules | 120 Pack,Blackmores Pregnancy & Breastfeeding Gold Vitamin Capsules 120 pack,True
Nestle Nan Optipro 1 Infant Formula For Newborns Suitable From Birth | 800g,Nan OPTIPRO 1 Infant Formula Newborns Suitable From Birth 800g,True
Little Bellies Organic Banana Pick-up Sticks 7+ Months | 16g,Little Bellies Organic Banana Pick-Up Sticks 16g,True
Babylove Sleepynights Night Time Pants 2-4 Years (12-18kg) | 12 Pack,BabyLove SleepyNights Pants 2-4 Years (12-18kg) 12 pack,True
Tooshies Eco Wipes Aloe Vera & Chamomile | 280 Pack,Tooshies Baby Wipes Aloe Vera & Chamomile 280 pack,True
Little Bellies Organic Cocoa & Vanilla 123's Biscuits | 130g,Little Bellies Organic Cocoa & Vanilla 123's 130g,True
Nestle Nan Expertpro Reflux Formula For Regurgitation From  ... 800g,Nan EXPERTpro Reflux Formula For Regurgitation From 0-12M 800g,True
Babylove Sleepynights Night Time Pants 8-15 Years 27-57kg | 8 Pack,BabyLove SleepyNights Pants 8-15 Years (27-57kg) 8 pack,True
Little Bellies Animal Biscuits | 130g,Little Bellies Organic Animal Biscuits 130g,True
Raffertys Garden Tomato & Parmesan Macaroni 10 Months+ | 170g,Rafferty's Garden Tomato & Parmesan Macaroni 170g,True
Only Organic Pumpkin Potato & Beef Baby Food 8+ Months | 170g,Only Organic Pumpkin Potato & Beef 8+ Months 170g,True
Nestle Cerelac Baby Cereal Oats & Wheat With Prune Baby Food From 6 M ... 200g,Nestle Cerelac Baby Cereal Oats & Wheat With Prune 6M+ 200g,True
Oli6 Stage 2 Goat Milk Follow On Formula 6-12 Months | 800g,Oli6 Goat Milk Follow On Formula Stage 2 6-12 Months 800g,True
Only Organic Pear Banana & Apple 6+ Months | 120g,Only Organic Pear Banana & Apple 120g,True
Huggies Pure & Sensitive Nappy Pants Size 4 | 54 Pack,Huggies Pure & Sensitive Nappy Pants Size 4 (9-14kg) 54 pack,True
A2 Platinum Premium Infant Formula Stage 1 | 900g,a2 Platinum Infant Formula Stage 1 900g,True
Bubs Goat Milk Infant Formula Stage 1 | 800g,Bubs Goat Infant Formula Stage 1 800g,True
Karicare Soy Plant Base Infant Formula From Birth To 12 Months | 900g,Karicare Soy Infant Formula From Birth to 12 Months 900g,True
Bubs Organic Grass Fed Formula Stage 2 Follow On | 800g,Bubs Organic Grass Fed Follow On Formula Stage 2 800g,True
Only Organic Coconut Banana & Acai Smoothie | 100g,Only Organic Coconut Banana Acai 100g,True
Little Bellies Mini Gingerbread Men | 130g,Little Bellies Gingerbread Men 130g,True
Raffertys Garden Chicken & Sweetcorn Risotto 10 Months+ | 170g,Rafferty's Garden Chicken & Sweetcorn Risotto 170g,True
Alula Gentle Toddler 1 Year+ Milk Drink | 900g,Alula Gold Toddler 1 Year + Milk Drink 900g,True
Alula Gold Lactose Intolerance 0-12 Months Infant Formula | 900g,Alula Gold Lactose Intolerance 0-12 Mth Infant Formula 900g,True
Little Bellies Organic Sweet & Salty Softcorn | 32g,Little Bellies Organic Sweet & Salty Softcorn 8g x 4 pack,True
Oli6 Stage 1 Goat Milk Infant Formula 0-6 Months | 800g,Oli6 Goat Milk Infant Formula Stage 1 0-6 Months 800g,True
B.Box Baby Soother Clip Assorted | 2 Pack,B.Box Soother Clip Assorted 2 pack,True
Marcalan Nipple Cream | 30g,Marcalan Nipple Cream 50g,True
Huggies Gentle Cleanse Baby Wipes Coconut Oil | 400 Pack,Huggies Gentle Cleanse Baby Wipes Coconut Oil 240 pack,False
Rafferty's Garden Chickpea Corn & Carrot Baby Food Pouch 8+ Months | 120g,Rafferty's Garden Baby Food Pouch Chickpea Corn & Carrot 8+ Months 120g,True
Huggies Little Swimmers Swim Nappies Medium (11-15kg) | 11 Pack,Huggies Little Swimmers Swim Nappies Medium (12-15kg) 11 pack,True
Curash Simply Water Sensitive Skin Baby Wipes | 80 Pack,Curash Simply Water Wipes 80 x 3 pack,False
Huggies Ultra Dry Nappy Pants Girls Size 6 (15kg+) | 24 Pack,Huggies Ultra Dry Nappy Pants Girls Size 6 (15-20kg) 24 pack,True
Desitin Nappy Rash Ointment | 100g,Bepanthen Nappy Rash Ointment 100g,False
Raffertys Garden Strawberry & Chia Pressed Bars 1-3 Years | 90g,Rafferty's Garden Strawberry & Chia Pressed Bars 6 pack,True
Huggies Ultra Dry Nappy Pants Boys Size 6 (15kg+) | 24 Pack,Huggies Ultra Dry Nappy Pants Boys Size 6 (15-20kg) 24 pack,True
Huggies Skin Protect Newborn Nappies Size 1 | 108 Pack,Huggies Skin Protect Newborn Nappies Size 1 (Up to 5kg) 108 pack,True
Bubs Organic Grass Fed Formula Stage 3 Toddler | 800g,Bubs Organic Grass Fed Toddler Formula Stage 3 800g,True
Kiddylicious Veggie Straws Cheesy Flavour | 12g,Kiddylicious Veggie Straws Cheesy 4 pack,False
Huggies Ultra Dry Nappies Girls Size 6 (16kg+) | 88 Pack,Huggies Ultra Dry Nappies Girls Size 6 (16kg+) 60 pack,False
Huggies Ultra Dry Nappies Boys Size 6 (16kg+) | 88 Pack,Huggies Ultra Dry Nappies Boys Size 6 (16kg+) 60 pack,False
Little Bellies Organic Apricot Date & Oat Bars | 85g,Little Bellies Organic Apricot Date & Oat Bar 5 pack,True
Little Bellies Organic Banana Softcorn Sharebag | 30g,Little Bellies Organic Banana Softcorn 30g,True
B.box Insulated Drink Bottle Straw Top 350ml | 1 Each,B.Box Insulated Drink Bottle Assorted 350mL each,True
B.Box Tritan Drink Bottle Straw Top 450ml | 1 Each,B.Box Tritan Drink Bottle Assorted 450mL each,True
Johnson's Hypoallergenic Gentle Tear-free Cleansing Baby Shampoo | 500mL,Johnson's Hypoallergenic Gentle Tear Free Cleansing Baby Shampoo 500mL,True
Raffertys Garden Vegetable Bolognese 12 Months+ | 200g,Rafferty's Garden Vegetable Bolognese 200g,True
Rascals Premium Nappy Pants Size 7 (17kg+) | 42 Pack,Millie Moon Luxury Nappy Pants Size 7 (17+kg) 42 pack,False
Nestle Nan Sensitive Premium Toddler Milk Drink 1+ Years | 800g,Nan Supremepro 3 Premium Toddler Milk Drink 1+ Years 800g,True
Rafferty's Garden Happy Tummies Banana Prune & Oats 12m+ | 120g,Rafferty's Garden Happy Tummies Food Pouch Banana Prune & Oats 120g,True
Aptamil Gold+ Colic & Constipation Baby Infant Formula From Birth  ... 900g,Aptamil Gold+ Colic & Constipation Baby Formula From 0-12 Months 900g,True
Aveeno Baby Daily Moisture Lightly Scented Sensitive Wash & Shampoo | 236mL,Aveeno Baby Daily Moisture Light Scent Sensitive Wash & Shampoo 236mL,True
Bubs Goat Milk Follow On Formula Stage 2 | 800g,Oli6 Goat Milk Follow On Formula Stage 2 6-12 Months 800g,False
Aptamil Gold+ Lactose Intolerance Baby Infant Formula From Birth  ... 900g,Aptamil Gold+ Lactose Intolerance Baby Formula From 0-12 Months 900g,True
Heinz Smoothie Banana Pear & Oat + Greek Style Yoghurt Pouch 8+ M ... 120g,Heinz Smoothie Banana Pear Oat Greek Yoghurt Baby Food 8+ M 120g,True
Only Organic Chicken Vegetables And Star Pasta 8+ Months | 170g,Only Organic Chicken Vegetables & Star Pasta 170g,True
Nestle Nan Supremepro 3 Toddler Milk Drink From 1 Year | 800g,Nan COMFORT 3 Toddler Milk Drink From 1 Year 800g,False
Rafferty's Garden Rice Cereal Pear Banana & Milk No Added Sugar Ba ... 120g,Rafferty's Garden Rice Cereal Pear Banana & Milk 120g,True
QV Baby Moisturising Cream | 1Kg,QV Baby Moisturising Cream 500g,False
Rascals Premium Nappies Size 7 (17+kg) | 26 Pack,Millie Moon Luxury Nappies Size 7 (17+kg) 26 pack,False
Rascals Premium Nappies Size 7 (17+kg) | 54 Pack,Millie Moon Luxury Nappies Size 7 (17+kg) 54 pack,False
Nestle Nan Optipro 3 Toddler Milk Drink Stage 3 | 800g,Nan OPTIPRO 3 Toddler Milk Drink From 1 Year 800g,True
QV Baby Gentle Wash | 1Kg,QV Baby Gentle Wash 500g,False
Rascals Premium Nappies Size 2 (4-8kg) | 96 Pack,Millie Moon Luxury Nappies Size 2 (4-8kg) 96 pack,False
Clearblue Digital Ultra Early Pregnancy Test | 1 Pack,Clearblue Digital Pregnancy Test Ultra Early 2 pack,False
Clearblue Digital Ultra Early Pregnancy Test | 2 Pack,Clearblue Digital Pregnancy Test Ultra Early 2 pack,True
Rafferty's Garden Vanilla Custard 6 Months | 120g,Rafferty's Garden Baby Food Pouch Vanilla Custard 6+ Months 120g,True
Rascals Premium Nappy Pants Size 4 (10-15kg) | 56 Pack,Millie Moon Luxury Nappy Pants Size 4 (10-15kg) 56 pack,False
Nestle Nan Optipro 2 Follow-on Baby Formula From 6 To 12 Months | 800g,Nan OPTIPRO 2 Follow-on Baby Formula From 6-12M 800g,True
Rascals Premium Nappies Size 6 (15-20kg) | 60 Pack,Millie Moon Luxury Nappies Size 6 (15-20kg) 60 pack,False
Bellamy's Organic Follow - On Formula Step 2 | 800g,Bellamy's Organic Follow On Formula Stage 2 (6-12m) 800g,True
a2 Platinum Premium Follow-on Formula Stage 2 | 900g,a2 Platinum Infant Formula Stage 1 900g,False
Karicare 2 Goat Milk Baby Formula From 6 To 12 Months | 900g,Karicare 2 Gentle Nutrition Baby Formula From 6 to 12 Months 900g,False
Only Organic Kindy Blueberry- Banana & Vanilla Oat Milk Pou ... 100g,Only Organic Blueberry Banana & Vanilla Oat Milk 100g,True
Tooshies Disposable Change Mats | 10 Pack,Little One's Change Mats 10 pack,False
Tommee Tippee Starter Spout Cup 4m+ 240ml | 1 Pack,Tommee Tippee Starter Spout Infant Cup 4M+ Assorted each,True
Rafferty's Garden Lamb Vegetables & Couscous Mini Meal Baby Food Pou ... 200g,Rafferty's Garden Lamb Vegetables & Couscous 200g,True
Karicare 1 Goat Milk Infant Formula From Birth To 6 Months | 900g,Aptamil Gold+ 1 Baby Infant Formula From Birth To 6 Months 900g,False
Nestle Cerelac Baby Rice Cereal Baby Food From 4 Months | 200g,Nestle Cerelac Baby Rice Cereal 6M+ 200g,True
Rascals Premium Nappies Size 5 (13-18kg) | 64 Pack,Millie Moon Luxury Nappies Size 5 (13-18kg) 64 pack,False
Kiddylicious Wafers Raspberry 4x4g | 16g,Kiddylicious Wafers Raspberry 4 pack,True
Huggies Pure And Sensitive Nappies Size 2 | 74 Pack,Huggies Pure & Sensitive Nappies Size 2 (4-8kg) 74 pack,True
Clearblue Digital With Weeks Indicator Pregnancy Test | 2 Pack,Clearblue Digital Pregnancy Test Weeks Indicator each,False
Clearblue Digital With Weeks Indicator Pregnancy Test | 1 Pack,Clearblue Digital Pregnancy Test Weeks Indicator each,True
Rafferty's Garden Strawberry & Vanilla Custard Pouch 6+m ... 120g,Rafferty's Garden Strawberry & Vanilla Custard Baby Food Pouch 6+ Months 120g,True
Rafferty's Garden Beef Sweet Potato & Parsnip Protein Baby Food P ... 120g,Rafferty's Garden Baby Food Pouch Beef Sweet Potato & Parsnip 6+ Months 120g,True
Huggies Pure And Sensitive Nappy Pants Size 5 | 46 Pack,Huggies Pure & Sensitive Nappy Pants Size 5 (12-17kg) 46 pack,True
Kiddylicious Veggie Straws Cheesy Flavour 4x12g | 48g,Kiddylicious Veggie Straws Cheesy 4 pack,True
Rafferty's Garden Nurture Immunity Berries Pear & Oats 12m+ | 120g,Rafferty's Garden Nuture Immunity Food Pouch Berries Pear & Oats 12M+ 120g,True
Heinz Strawberry Vanilla Custard Pouch 8+ Months | 120g,Rafferty's Garden Strawberry & Vanilla Custard Baby Food Pouch 6+ Months 120g,False
Rafferty's Garden Chicken & Vegetable Paella Mini Meal Baby Food Pouch 12 ... 200g,Rafferty's Garden Chicken & Vegetable Paella 200g,True
Little Bellies Organic Strawberry & Banana Yoghurt Melts | 20g,Little Bellies Yoghurt Melts Strawberry & Banana 20g,True
Tommee Tippee Active Spout Cup 12m+ 390ml | 1 Pack,Tommee Tippee Active Spout Toddler Cup 12M+ Assorted each,True
B.box Chill + Fill Baby Teether 3+ Months | 1 Each,B.Box Chill & Fill Teether Assorted each,True
Milton Concentrated Anti-bacterial Solution | 500mL,Milton Antibacterial Concentrated Solution 500mL,True
Little Bellies Organic Mango & Banana Coconut Melts | 20g,Little Bellies Coconut Melts Mango & Banana 20g,True
Aptamil Allerpro Syneo Baby Formula Stage 2 | 900g,Aptamil Allerpro Syneo 1 Baby Formula Allergy From Birth To 6 Months 900g,False
Aptamil Allerpro Syneo Baby Formula Stage 1 | 900g,Aptamil Allerpro Syneo 1 Baby Formula Allergy From Birth To 6 Months 900g,True
Clearblue Visual Rapid Detection Pregnancy Test Kit | 3 Pack,Clearblue Rapid Detection Pregnancy Test each,False
Tommee Tippee On The Go Straw Cup 18m+ 500ml | 1 Pack,Tommee Tippee On The Go Straw Toddler Bottle 18M+ Assorted each,True
Aptamil Gold+ 3 Toddler Nutritional Supplement From 1 Year | 900g,Aptamil Gold+ 3 Toddler Milk Formula From 1+ Year 900g,True
Tommee Tippee Trainer Straw Cup 6m+ 300ml | 1 Pack,Tommee Tippee Trainer Straw Infant Cup 6M+ Assorted each,True
Aptamil Gold+ 4 Junior Nutritional Supplement From 2 Years | 900g,Aptamil Gold+ 4 Junior Milk Formula From 2+ Years 900g,True
DryNites Night Time Pants For Boys 2-4 Years (13-20kg) | 10 Pack,Huggies DryNites Night Pants Boy 2-4 Years (13-20kg) 10 pack,True
Bunjie Baby Bubble Bath | 500mL,Bunjie Baby Bubble Bath Sensitive Probiotic Skincare 500mL,True
B.box Sippy Cup 240ml 6+ Months | 1 Each,B.Box Sippy Cup Assorted each,True
Rafferty's Garden Pumpkin & Spinach Pasta Bake Baby Food Prebiotics Pou ... 120g,Rafferty's Garden Baby Food Pouch Pumpkin & Spinach Pasta Bake 6+ Months 120g,True
Bonds Stretchies Bib | 2 Pack,Bonds Stretchies Bib One Size Assorted each,False
DryNites Night Time Pants For Girls 2-4 Years (13-20kg) | 10 Pack,Huggies DryNites Night Pants Boy 2-4 Years (13-20kg) 10 pack,False
Johnson's Baby Powder Pure Cornstarch | 400g,Johnson's Baby Powder 400g,True
Gaia Natural Baby Sleeptime Bath | 500mL,Gaia Natural Baby Sleeptime Bubble Bath 250mL,False
Blackmores Pregnancy & Breast-feeding Gold Capsules | 60 Pack,Blackmores Pregnancy & Breastfeeding Gold Vitamin Capsules 120 pack,False
Only Organic Carrot Apple Rice Cakes 8 Months+ | 35g,Only Organic Rice Cakes Carrot & Apple 35g,True
Huggies Pure And Sensitive Nappy Pants Size 6: 40 Pack | 40 Pack,Huggies Pure & Sensitive Nappy Pants Size 6 (15kg+) 40 pack,True
Rafferty's Garden Summer Fruits & Quinoa Baby Food Prebiotics Pouch 6+  ... 120g,Rafferty's Garden Baby Food Pouch Summer Fruits & Quinoa 6+ Months 120g,True
Huggies Little Swimmers Reusable Swim Nappies Small | 1 Pack,Huggies Little Swimmers Swim Nappies Small (7-12kg) 12 pack,False
CUB Banana & Blueberry Custard Baby Food Pouch 6+ Months | 120g,Rafferty's Garden Blueberry & Banana Custard Baby Food Pouch 6+ Months 120g,False
Only Organic Pear & Mango Baby Food Pouch 4+ Months | 120g,Rafferty's Garden Banana Pear & Mango Baby Food Puree Pouch 4+ Months 120g,False
Rascals Premium Nappy Pants Size 4 (10-15kg) | 29 Pack,Millie Moon Ms Rachel Nappy Pants Size 4 (10-15kg) 29 pack,False
Baby Bellies Organic Carrot Puffs Sharebag 4 Pack | 35g,Little Bellies Organic Carrot Puffs 35g,True
Tommee Tippee Natural Start Baby Bottle Teats Fast Flow 6months+ | 2 Pack,Tommee Tippee Natural Start Fast Flow Teats 2 pack,True
Huggies Skin Protect Nappy Pants Size 5 | 48 Pack,Huggies Skin Protect Nappies Size 2 (4-8kg) 48 pack,False
Heinz Pear Puree Baby Food Jar 4+ Months | 110g,Heinz Baby Food Pear Puree 4+ Months 110g,True
Aptamil Prosyneo Sensitive Baby Infant Formula Formulated For Tole ... 900g,Aptamil Prosyneo Sensitive Baby Infant Formula From 0-12 Months 900g,True
Tommee Tippee Natural Start Bottle 0m+ 150ml | 1 Pack,Tommee Tippee Natural Start Baby Bottle 0+M 260mL x 2 pack,True
DryNites Night Time Pants For Boys 8-15 Years (27-57kg) | 8 Pack,Huggies DryNites Night Pants Boy 8-15 Years (27-57kg) 8 pack,True
Tommee Tippee Natural Start Baby Bottle Teats Medium Flow 3mo ... 2 Pack,Tommee Tippee Natural Start Medium Flow Teats 2 pack,True
Tommee Tippee Baby Bottles Natural Start Anti-colic Bottle 260ml  ... 3 Pack,Tommee Tippee Natural Start Baby Bottles 0+M 260mL 3 pack,True
DryNites Night Time Pants For Girls 8-15 Years (27-57kg) | 8 Pack,Huggies DryNites Night Pants Boy 8-15 Years (27-57kg) 8 pack,False
